Islande	2013	Part_des_sièges_occupés_par_des_femmes_dans_les_parlements_nationaux	39.7%	0.206
Irlande	2006	Part_des_sièges_occupés_par_des_femmes_dans_les_parlements_nationaux	13.3%	0.734
République tchèque	2012	Part_des_sièges_occupés_par_des_femmes_dans_les_parlements_nationaux	22.0%	0.56
Islande	2009	Part_des_sièges_occupés_par_des_femmes_dans_les_parlements_nationaux	42.9%	0.142
Nouvelle-Zélande	2002	Part_des_sièges_occupés_par_des_femmes_dans_les_parlements_nationaux	29.2%	0.416
Israël	2001	Part_des_sièges_occupés_par_des_femmes_dans_les_parlements_nationaux	13.3%	0.734
Autriche	2011	Part_des_sièges_occupés_par_des_femmes_dans_les_parlements_nationaux	27.9%	0.442
Inde	2003	Part_des_sièges_occupés_par_des_femmes_dans_les_parlements_nationaux	8.8%	0.824
Finlande	2015	Part_des_sièges_occupés_par_des_femmes_dans_les_parlements_nationaux	41.5%	0.17
États-Unis	2011	Part_des_sièges_occupés_par_des_femmes_dans_les_parlements_nationaux	16.8%	0.664
Luxembourg	2005	Part_des_sièges_occupés_par_des_femmes_dans_les_parlements_nationaux	23.3%	0.534
Portugal	2013	Part_des_sièges_occupés_par_des_femmes_dans_les_parlements_nationaux	31.3%	0.374
Hongrie	2004	Part_des_sièges_occupés_par_des_femmes_dans_les_parlements_nationaux	9.1%	0.818
Estonie	2005	Part_des_sièges_occupés_par_des_femmes_dans_les_parlements_nationaux	18.8%	0.624
Colombie	2009	Part_des_sièges_occupés_par_des_femmes_dans_les_parlements_nationaux	8.4%	0.832
Espagne	2015	Part_des_sièges_occupés_par_des_femmes_dans_les_parlements_nationaux	41.1%	0.178
République tchèque	2010	Part_des_sièges_occupés_par_des_femmes_dans_les_parlements_nationaux	22.0%	0.56
Lituanie	2000	Part_des_sièges_occupés_par_des_femmes_dans_les_parlements_nationaux	10.6%	0.788
Estonie	2011	Part_des_sièges_occupés_par_des_femmes_dans_les_parlements_nationaux	19.8%	0.604
Moyenne OCDE	2011	Part_des_sièges_occupés_par_des_femmes_dans_les_parlements_nationaux	25.8%	0.484
Australie	2013	Part_des_sièges_occupés_par_des_femmes_dans_les_parlements_nationaux	26.0%	0.48
Allemagne	2000	Part_des_sièges_occupés_par_des_femmes_dans_les_parlements_nationaux	30.9%	0.382
Lettonie	2005	Part_des_sièges_occupés_par_des_femmes_dans_les_parlements_nationaux	21.0%	0.58
Royaume-Uni	2006	Part_des_sièges_occupés_par_des_femmes_dans_les_parlements_nationaux	19.7%	0.606
Irlande	2001	Part_des_sièges_occupés_par_des_femmes_dans_les_parlements_nationaux	12.0%	0.76
Australie	2007	Part_des_sièges_occupés_par_des_femmes_dans_les_parlements_nationaux	26.7%	0.466
Autriche	2014	Part_des_sièges_occupés_par_des_femmes_dans_les_parlements_nationaux	32.2%	0.356
Hongrie	2009	Part_des_sièges_occupés_par_des_femmes_dans_les_parlements_nationaux	11.1%	0.778
Belgique	2004	Part_des_sièges_occupés_par_des_femmes_dans_les_parlements_nationaux	34.7%	0.306
Brésil	2000	Part_des_sièges_occupés_par_des_femmes_dans_les_parlements_nationaux	5.7%	0.886
Chine (République populaire de)	2002	Part_des_sièges_occupés_par_des_femmes_dans_les_parlements_nationaux	21.8%	0.564
Luxembourg	2010	Part_des_sièges_occupés_par_des_femmes_dans_les_parlements_nationaux	20.0%	0.6
Pologne	2008	Part_des_sièges_occupés_par_des_femmes_dans_les_parlements_nationaux	20.2%	0.596
Portugal	2003	Part_des_sièges_occupés_par_des_femmes_dans_les_parlements_nationaux	19.1%	0.618
Costa Rica	2012	Part_des_sièges_occupés_par_des_femmes_dans_les_parlements_nationaux	38.6%	0.228
Afrique du Sud	2013	Part_des_sièges_occupés_par_des_femmes_dans_les_parlements_nationaux	42.3%	0.154
Nouvelle-Zélande	2008	Part_des_sièges_occupés_par_des_femmes_dans_les_parlements_nationaux	33.6%	0.328
Colombie	2015	Part_des_sièges_occupés_par_des_femmes_dans_les_parlements_nationaux	19.9%	0.602
Russie	2013	Part_des_sièges_occupés_par_des_femmes_dans_les_parlements_nationaux	13.6%	0.728
Australie	2006	Part_des_sièges_occupés_par_des_femmes_dans_les_parlements_nationaux	24.7%	0.506
Royaume-Uni	2008	Part_des_sièges_occupés_par_des_femmes_dans_les_parlements_nationaux	19.5%	0.61
République tchèque	2011	Part_des_sièges_occupés_par_des_femmes_dans_les_parlements_nationaux	22.0%	0.56
Brésil	2015	Part_des_sièges_occupés_par_des_femmes_dans_les_parlements_nationaux	9.9%	0.802
Israël	2015	Part_des_sièges_occupés_par_des_femmes_dans_les_parlements_nationaux	26.7%	0.466
Canada	2005	Part_des_sièges_occupés_par_des_femmes_dans_les_parlements_nationaux	21.1%	0.578
Portugal	2015	Part_des_sièges_occupés_par_des_femmes_dans_les_parlements_nationaux	34.8%	0.304
Autriche	2010	Part_des_sièges_occupés_par_des_femmes_dans_les_parlements_nationaux	27.9%	0.442
Pays-Bas	2009	Part_des_sièges_occupés_par_des_femmes_dans_les_parlements_nationaux	42.0%	0.16
Chine (République populaire de)	2009	Part_des_sièges_occupés_par_des_femmes_dans_les_parlements_nationaux	21.3%	0.574
Colombie	2000	Part_des_sièges_occupés_par_des_femmes_dans_les_parlements_nationaux	11.8%	0.764
Suède	2006	Part_des_sièges_occupés_par_des_femmes_dans_les_parlements_nationaux	47.3%	0.054
République slovaque	2003	Part_des_sièges_occupés_par_des_femmes_dans_les_parlements_nationaux	19.3%	0.614
Danemark	2013	Part_des_sièges_occupés_par_des_femmes_dans_les_parlements_nationaux	39.1%	0.218
Chine (République populaire de)	2014	Part_des_sièges_occupés_par_des_femmes_dans_les_parlements_nationaux	23.4%	0.532
Italie	2001	Part_des_sièges_occupés_par_des_femmes_dans_les_parlements_nationaux	9.8%	0.804
Irlande	2013	Part_des_sièges_occupés_par_des_femmes_dans_les_parlements_nationaux	15.7%	0.686
Grèce	2007	Part_des_sièges_occupés_par_des_femmes_dans_les_parlements_nationaux	14.7%	0.706
Autriche	2008	Part_des_sièges_occupés_par_des_femmes_dans_les_parlements_nationaux	27.3%	0.454
Islande	2008	Part_des_sièges_occupés_par_des_femmes_dans_les_parlements_nationaux	33.3%	0.334
Estonie	2000	Part_des_sièges_occupés_par_des_femmes_dans_les_parlements_nationaux	17.8%	0.644
Lettonie	2013	Part_des_sièges_occupés_par_des_femmes_dans_les_parlements_nationaux	23.0%	0.54
Australie	2003	Part_des_sièges_occupés_par_des_femmes_dans_les_parlements_nationaux	25.3%	0.494
Belgique	2015	Part_des_sièges_occupés_par_des_femmes_dans_les_parlements_nationaux	39.3%	0.214
Suède	2003	Part_des_sièges_occupés_par_des_femmes_dans_les_parlements_nationaux	45.3%	0.094
Belgique	2003	Part_des_sièges_occupés_par_des_femmes_dans_les_parlements_nationaux	35.3%	0.294
Grèce	2005	Part_des_sièges_occupés_par_des_femmes_dans_les_parlements_nationaux	13.0%	0.74
Mexique	2015	Part_des_sièges_occupés_par_des_femmes_dans_les_parlements_nationaux	42.4%	0.152
Estonie	2012	Part_des_sièges_occupés_par_des_femmes_dans_les_parlements_nationaux	20.8%	0.584
États-Unis	2012	Part_des_sièges_occupés_par_des_femmes_dans_les_parlements_nationaux	18.0%	0.64
Irlande	2015	Part_des_sièges_occupés_par_des_femmes_dans_les_parlements_nationaux	16.3%	0.674
Danemark	2015	Part_des_sièges_occupés_par_des_femmes_dans_les_parlements_nationaux	37.4%	0.252
Indonésie	2007	Part_des_sièges_occupés_par_des_femmes_dans_les_parlements_nationaux	11.6%	0.768
Belgique	2006	Part_des_sièges_occupés_par_des_femmes_dans_les_parlements_nationaux	34.7%	0.306
Grèce	2006	Part_des_sièges_occupés_par_des_femmes_dans_les_parlements_nationaux	13.0%	0.74
Royaume-Uni	2004	Part_des_sièges_occupés_par_des_femmes_dans_les_parlements_nationaux	18.1%	0.638
Espagne	2001	Part_des_sièges_occupés_par_des_femmes_dans_les_parlements_nationaux	28.3%	0.434
Islande	2011	Part_des_sièges_occupés_par_des_femmes_dans_les_parlements_nationaux	39.7%	0.206
Allemagne	2005	Part_des_sièges_occupés_par_des_femmes_dans_les_parlements_nationaux	31.8%	0.364
Suisse	2011	Part_des_sièges_occupés_par_des_femmes_dans_les_parlements_nationaux	28.5%	0.43
République tchèque	2015	Part_des_sièges_occupés_par_des_femmes_dans_les_parlements_nationaux	20.0%	0.6
Pays-Bas	2014	Part_des_sièges_occupés_par_des_femmes_dans_les_parlements_nationaux	38.7%	0.226
Pays-Bas	2007	Part_des_sièges_occupés_par_des_femmes_dans_les_parlements_nationaux	39.3%	0.214
Turquie	2009	Part_des_sièges_occupés_par_des_femmes_dans_les_parlements_nationaux	9.1%	0.818
Russie	2001	Part_des_sièges_occupés_par_des_femmes_dans_les_parlements_nationaux	7.6%	0.848
République slovaque	2011	Part_des_sièges_occupés_par_des_femmes_dans_les_parlements_nationaux	16.0%	0.68
République tchèque	2003	Part_des_sièges_occupés_par_des_femmes_dans_les_parlements_nationaux	17.0%	0.66
Inde	2013	Part_des_sièges_occupés_par_des_femmes_dans_les_parlements_nationaux	11.0%	0.78
Lituanie	2009	Part_des_sièges_occupés_par_des_femmes_dans_les_parlements_nationaux	19.1%	0.618
Costa Rica	2005	Part_des_sièges_occupés_par_des_femmes_dans_les_parlements_nationaux	35.1%	0.298
Autriche	2007	Part_des_sièges_occupés_par_des_femmes_dans_les_parlements_nationaux	32.8%	0.344
République slovaque	2006	Part_des_sièges_occupés_par_des_femmes_dans_les_parlements_nationaux	20.0%	0.6
Mexique	2000	Part_des_sièges_occupés_par_des_femmes_dans_les_parlements_nationaux	16.0%	0.68
Pays-Bas	2010	Part_des_sièges_occupés_par_des_femmes_dans_les_parlements_nationaux	40.7%	0.186
Brésil	2008	Part_des_sièges_occupés_par_des_femmes_dans_les_parlements_nationaux	9.0%	0.82
Turquie	2005	Part_des_sièges_occupés_par_des_femmes_dans_les_parlements_nationaux	4.4%	0.912
Portugal	2004	Part_des_sièges_occupés_par_des_femmes_dans_les_parlements_nationaux	19.1%	0.618
Royaume-Uni	2010	Part_des_sièges_occupés_par_des_femmes_dans_les_parlements_nationaux	22.0%	0.56
Lettonie	2011	Part_des_sièges_occupés_par_des_femmes_dans_les_parlements_nationaux	23.0%	0.54
Portugal	2007	Part_des_sièges_occupés_par_des_femmes_dans_les_parlements_nationaux	28.3%	0.434
Pologne	2015	Part_des_sièges_occupés_par_des_femmes_dans_les_parlements_nationaux	27.4%	0.452
Hongrie	2000	Part_des_sièges_occupés_par_des_femmes_dans_les_parlements_nationaux	8.3%	0.834
Mexique	2013	Part_des_sièges_occupés_par_des_femmes_dans_les_parlements_nationaux	36.8%	0.264
Indonésie	2009	Part_des_sièges_occupés_par_des_femmes_dans_les_parlements_nationaux	17.9%	0.642
États-Unis	2006	Part_des_sièges_occupés_par_des_femmes_dans_les_parlements_nationaux	16.3%	0.674
Moyenne OCDE	2005	Part_des_sièges_occupés_par_des_femmes_dans_les_parlements_nationaux	22.6%	0.548
Colombie	2011	Part_des_sièges_occupés_par_des_femmes_dans_les_parlements_nationaux	12.1%	0.758
Suède	2012	Part_des_sièges_occupés_par_des_femmes_dans_les_parlements_nationaux	44.7%	0.106
Colombie	2013	Part_des_sièges_occupés_par_des_femmes_dans_les_parlements_nationaux	12.1%	0.758
Autriche	2012	Part_des_sièges_occupés_par_des_femmes_dans_les_parlements_nationaux	27.9%	0.442
Inde	2014	Part_des_sièges_occupés_par_des_femmes_dans_les_parlements_nationaux	11.4%	0.772
Pologne	2004	Part_des_sièges_occupés_par_des_femmes_dans_les_parlements_nationaux	20.2%	0.596
Hongrie	2013	Part_des_sièges_occupés_par_des_femmes_dans_les_parlements_nationaux	8.8%	0.824
Suisse	2007	Part_des_sièges_occupés_par_des_femmes_dans_les_parlements_nationaux	28.5%	0.43
Grèce	2013	Part_des_sièges_occupés_par_des_femmes_dans_les_parlements_nationaux	21.0%	0.58
Japon	2011	Part_des_sièges_occupés_par_des_femmes_dans_les_parlements_nationaux	10.8%	0.784
Corée	2010	Part_des_sièges_occupés_par_des_femmes_dans_les_parlements_nationaux	14.7%	0.706
Indonésie	2011	Part_des_sièges_occupés_par_des_femmes_dans_les_parlements_nationaux	18.2%	0.636
Luxembourg	2007	Part_des_sièges_occupés_par_des_femmes_dans_les_parlements_nationaux	23.3%	0.534
Irlande	2012	Part_des_sièges_occupés_par_des_femmes_dans_les_parlements_nationaux	15.1%	0.698
Luxembourg	2000	Part_des_sièges_occupés_par_des_femmes_dans_les_parlements_nationaux	16.7%	0.666
Australie	2014	Part_des_sièges_occupés_par_des_femmes_dans_les_parlements_nationaux	26.0%	0.48
Inde	2004	Part_des_sièges_occupés_par_des_femmes_dans_les_parlements_nationaux	8.3%	0.834
Finlande	2000	Part_des_sièges_occupés_par_des_femmes_dans_les_parlements_nationaux	36.5%	0.27
Chine (République populaire de)	2003	Part_des_sièges_occupés_par_des_femmes_dans_les_parlements_nationaux	20.2%	0.596
Moyenne OCDE	2003	Part_des_sièges_occupés_par_des_femmes_dans_les_parlements_nationaux	21.5%	0.57
Danemark	2004	Part_des_sièges_occupés_par_des_femmes_dans_les_parlements_nationaux	38.0%	0.24
Israël	2012	Part_des_sièges_occupés_par_des_femmes_dans_les_parlements_nationaux	20.0%	0.6
Irlande	2010	Part_des_sièges_occupés_par_des_femmes_dans_les_parlements_nationaux	13.9%	0.722
Corée	2004	Part_des_sièges_occupés_par_des_femmes_dans_les_parlements_nationaux	13.0%	0.74
Nouvelle-Zélande	2004	Part_des_sièges_occupés_par_des_femmes_dans_les_parlements_nationaux	28.3%	0.434
Russie	2005	Part_des_sièges_occupés_par_des_femmes_dans_les_parlements_nationaux	9.8%	0.804
Autriche	2004	Part_des_sièges_occupés_par_des_femmes_dans_les_parlements_nationaux	33.9%	0.322
Japon	2014	Part_des_sièges_occupés_par_des_femmes_dans_les_parlements_nationaux	8.1%	0.838
Hongrie	2005	Part_des_sièges_occupés_par_des_femmes_dans_les_parlements_nationaux	9.1%	0.818
Danemark	2012	Part_des_sièges_occupés_par_des_femmes_dans_les_parlements_nationaux	39.1%	0.218
République tchèque	2014	Part_des_sièges_occupés_par_des_femmes_dans_les_parlements_nationaux	19.5%	0.61
Finlande	2007	Part_des_sièges_occupés_par_des_femmes_dans_les_parlements_nationaux	41.5%	0.17
Portugal	2000	Part_des_sièges_occupés_par_des_femmes_dans_les_parlements_nationaux	17.4%	0.652
Italie	2004	Part_des_sièges_occupés_par_des_femmes_dans_les_parlements_nationaux	11.5%	0.77
Afrique du Sud	2001	Part_des_sièges_occupés_par_des_femmes_dans_les_parlements_nationaux	29.8%	0.404
Nouvelle-Zélande	2007	Part_des_sièges_occupés_par_des_femmes_dans_les_parlements_nationaux	33.1%	0.338
Israël	2007	Part_des_sièges_occupés_par_des_femmes_dans_les_parlements_nationaux	14.2%	0.716
Moyenne OCDE	2015	Part_des_sièges_occupés_par_des_femmes_dans_les_parlements_nationaux	28.3%	0.434
Russie	2014	Part_des_sièges_occupés_par_des_femmes_dans_les_parlements_nationaux	13.6%	0.728
Turquie	2006	Part_des_sièges_occupés_par_des_femmes_dans_les_parlements_nationaux	4.4%	0.912
Pologne	2010	Part_des_sièges_occupés_par_des_femmes_dans_les_parlements_nationaux	20.0%	0.6
Russie	2004	Part_des_sièges_occupés_par_des_femmes_dans_les_parlements_nationaux	9.8%	0.804
Corée	2005	Part_des_sièges_occupés_par_des_femmes_dans_les_parlements_nationaux	13.4%	0.732
Indonésie	2013	Part_des_sièges_occupés_par_des_femmes_dans_les_parlements_nationaux	18.6%	0.628
Corée	2012	Part_des_sièges_occupés_par_des_femmes_dans_les_parlements_nationaux	15.7%	0.686
Suède	2015	Part_des_sièges_occupés_par_des_femmes_dans_les_parlements_nationaux	43.6%	0.128
Allemagne	2010	Part_des_sièges_occupés_par_des_femmes_dans_les_parlements_nationaux	32.8%	0.344
Inde	2008	Part_des_sièges_occupés_par_des_femmes_dans_les_parlements_nationaux	9.1%	0.818
Luxembourg	2006	Part_des_sièges_occupés_par_des_femmes_dans_les_parlements_nationaux	23.3%	0.534
Costa Rica	2002	Part_des_sièges_occupés_par_des_femmes_dans_les_parlements_nationaux	35.1%	0.298
Indonésie	2001	Part_des_sièges_occupés_par_des_femmes_dans_les_parlements_nationaux	8.0%	0.84
République slovaque	2000	Part_des_sièges_occupés_par_des_femmes_dans_les_parlements_nationaux	14.0%	0.72
Espagne	2005	Part_des_sièges_occupés_par_des_femmes_dans_les_parlements_nationaux	36.0%	0.28
Australie	2000	Part_des_sièges_occupés_par_des_femmes_dans_les_parlements_nationaux	23.0%	0.54
Canada	2008	Part_des_sièges_occupés_par_des_femmes_dans_les_parlements_nationaux	22.1%	0.558
Italie	2006	Part_des_sièges_occupés_par_des_femmes_dans_les_parlements_nationaux	17.3%	0.654
Danemark	2003	Part_des_sièges_occupés_par_des_femmes_dans_les_parlements_nationaux	38.0%	0.24
Japon	2000	Part_des_sièges_occupés_par_des_femmes_dans_les_parlements_nationaux	7.3%	0.854
Finlande	2002	Part_des_sièges_occupés_par_des_femmes_dans_les_parlements_nationaux	36.5%	0.27
Suisse	2012	Part_des_sièges_occupés_par_des_femmes_dans_les_parlements_nationaux	29.0%	0.42
Lettonie	2002	Part_des_sièges_occupés_par_des_femmes_dans_les_parlements_nationaux	18.0%	0.64
Lettonie	2006	Part_des_sièges_occupés_par_des_femmes_dans_les_parlements_nationaux	19.0%	0.62
Turquie	2010	Part_des_sièges_occupés_par_des_femmes_dans_les_parlements_nationaux	9.1%	0.818
Italie	2014	Part_des_sièges_occupés_par_des_femmes_dans_les_parlements_nationaux	31.4%	0.372
Suède	2001	Part_des_sièges_occupés_par_des_femmes_dans_les_parlements_nationaux	42.7%	0.146
Pays-Bas	2011	Part_des_sièges_occupés_par_des_femmes_dans_les_parlements_nationaux	40.7%	0.186
Norvège	2013	Part_des_sièges_occupés_par_des_femmes_dans_les_parlements_nationaux	39.6%	0.208
Danemark	2007	Part_des_sièges_occupés_par_des_femmes_dans_les_parlements_nationaux	38.0%	0.24
Allemagne	2008	Part_des_sièges_occupés_par_des_femmes_dans_les_parlements_nationaux	32.2%	0.356
République slovaque	2005	Part_des_sièges_occupés_par_des_femmes_dans_les_parlements_nationaux	16.7%	0.666
Russie	2002	Part_des_sièges_occupés_par_des_femmes_dans_les_parlements_nationaux	7.6%	0.848
Royaume-Uni	2002	Part_des_sièges_occupés_par_des_femmes_dans_les_parlements_nationaux	17.9%	0.642
Finlande	2008	Part_des_sièges_occupés_par_des_femmes_dans_les_parlements_nationaux	41.5%	0.17
République slovaque	2004	Part_des_sièges_occupés_par_des_femmes_dans_les_parlements_nationaux	16.7%	0.666
Luxembourg	2002	Part_des_sièges_occupés_par_des_femmes_dans_les_parlements_nationaux	16.7%	0.666
Danemark	2011	Part_des_sièges_occupés_par_des_femmes_dans_les_parlements_nationaux	39.1%	0.218
Afrique du Sud	2006	Part_des_sièges_occupés_par_des_femmes_dans_les_parlements_nationaux	32.8%	0.344
Luxembourg	2001	Part_des_sièges_occupés_par_des_femmes_dans_les_parlements_nationaux	16.7%	0.666
Hongrie	2011	Part_des_sièges_occupés_par_des_femmes_dans_les_parlements_nationaux	8.8%	0.824
Canada	2011	Part_des_sièges_occupés_par_des_femmes_dans_les_parlements_nationaux	24.8%	0.504
Nouvelle-Zélande	2009	Part_des_sièges_occupés_par_des_femmes_dans_les_parlements_nationaux	33.6%	0.328
Colombie	2004	Part_des_sièges_occupés_par_des_femmes_dans_les_parlements_nationaux	12.0%	0.76
Royaume-Uni	2013	Part_des_sièges_occupés_par_des_femmes_dans_les_parlements_nationaux	22.5%	0.55
Costa Rica	2015	Part_des_sièges_occupés_par_des_femmes_dans_les_parlements_nationaux	33.3%	0.334
Portugal	2010	Part_des_sièges_occupés_par_des_femmes_dans_les_parlements_nationaux	27.4%	0.452
Mexique	2011	Part_des_sièges_occupés_par_des_femmes_dans_les_parlements_nationaux	26.2%	0.476
Suisse	2000	Part_des_sièges_occupés_par_des_femmes_dans_les_parlements_nationaux	23.0%	0.54
Royaume-Uni	2005	Part_des_sièges_occupés_par_des_femmes_dans_les_parlements_nationaux	19.7%	0.606
République tchèque	2006	Part_des_sièges_occupés_par_des_femmes_dans_les_parlements_nationaux	15.5%	0.69
Afrique du Sud	2004	Part_des_sièges_occupés_par_des_femmes_dans_les_parlements_nationaux	32.8%	0.344
Finlande	2014	Part_des_sièges_occupés_par_des_femmes_dans_les_parlements_nationaux	42.5%	0.15
Suisse	2008	Part_des_sièges_occupés_par_des_femmes_dans_les_parlements_nationaux	28.5%	0.43
Canada	2015	Part_des_sièges_occupés_par_des_femmes_dans_les_parlements_nationaux	26.0%	0.48
Espagne	2011	Part_des_sièges_occupés_par_des_femmes_dans_les_parlements_nationaux	36.0%	0.28
Pays-Bas	2004	Part_des_sièges_occupés_par_des_femmes_dans_les_parlements_nationaux	36.7%	0.266
Royaume-Uni	2009	Part_des_sièges_occupés_par_des_femmes_dans_les_parlements_nationaux	19.5%	0.61
Mexique	2005	Part_des_sièges_occupés_par_des_femmes_dans_les_parlements_nationaux	24.2%	0.516
Canada	2010	Part_des_sièges_occupés_par_des_femmes_dans_les_parlements_nationaux	22.1%	0.558
Italie	2013	Part_des_sièges_occupés_par_des_femmes_dans_les_parlements_nationaux	31.4%	0.372
Norvège	2000	Part_des_sièges_occupés_par_des_femmes_dans_les_parlements_nationaux	36.4%	0.272
France	2005	Part_des_sièges_occupés_par_des_femmes_dans_les_parlements_nationaux	12.2%	0.756
Pays-Bas	2008	Part_des_sièges_occupés_par_des_femmes_dans_les_parlements_nationaux	41.3%	0.174
Pologne	2013	Part_des_sièges_occupés_par_des_femmes_dans_les_parlements_nationaux	23.7%	0.526
Autriche	2005	Part_des_sièges_occupés_par_des_femmes_dans_les_parlements_nationaux	33.9%	0.322
Chine (République populaire de)	2000	Part_des_sièges_occupés_par_des_femmes_dans_les_parlements_nationaux	21.8%	0.564
Belgique	2005	Part_des_sièges_occupés_par_des_femmes_dans_les_parlements_nationaux	34.7%	0.306
États-Unis	2015	Part_des_sièges_occupés_par_des_femmes_dans_les_parlements_nationaux	19.4%	0.612
Afrique du Sud	2012	Part_des_sièges_occupés_par_des_femmes_dans_les_parlements_nationaux	42.3%	0.154
Moyenne OCDE	2012	Part_des_sièges_occupés_par_des_femmes_dans_les_parlements_nationaux	26.4%	0.472
Danemark	2010	Part_des_sièges_occupés_par_des_femmes_dans_les_parlements_nationaux	38.0%	0.24
Russie	2008	Part_des_sièges_occupés_par_des_femmes_dans_les_parlements_nationaux	14.0%	0.72
République slovaque	2002	Part_des_sièges_occupés_par_des_femmes_dans_les_parlements_nationaux	17.3%	0.654
Finlande	2009	Part_des_sièges_occupés_par_des_femmes_dans_les_parlements_nationaux	40.0%	0.2
Mexique	2010	Part_des_sièges_occupés_par_des_femmes_dans_les_parlements_nationaux	26.2%	0.476
Portugal	2002	Part_des_sièges_occupés_par_des_femmes_dans_les_parlements_nationaux	19.1%	0.618
Hongrie	2014	Part_des_sièges_occupés_par_des_femmes_dans_les_parlements_nationaux	10.1%	0.798
Israël	2008	Part_des_sièges_occupés_par_des_femmes_dans_les_parlements_nationaux	14.2%	0.716
Slovénie	2007	Part_des_sièges_occupés_par_des_femmes_dans_les_parlements_nationaux	12.2%	0.756
Canada	2006	Part_des_sièges_occupés_par_des_femmes_dans_les_parlements_nationaux	20.8%	0.584
Norvège	2006	Part_des_sièges_occupés_par_des_femmes_dans_les_parlements_nationaux	37.9%	0.242
Corée	2000	Part_des_sièges_occupés_par_des_femmes_dans_les_parlements_nationaux	5.9%	0.882
Pays-Bas	2001	Part_des_sièges_occupés_par_des_femmes_dans_les_parlements_nationaux	36.0%	0.28
France	2001	Part_des_sièges_occupés_par_des_femmes_dans_les_parlements_nationaux	10.9%	0.782
Nouvelle-Zélande	2000	Part_des_sièges_occupés_par_des_femmes_dans_les_parlements_nationaux	30.8%	0.384
Pays-Bas	2002	Part_des_sièges_occupés_par_des_femmes_dans_les_parlements_nationaux	34.0%	0.32
Autriche	2003	Part_des_sièges_occupés_par_des_femmes_dans_les_parlements_nationaux	33.9%	0.322
Moyenne OCDE	2010	Part_des_sièges_occupés_par_des_femmes_dans_les_parlements_nationaux	24.8%	0.504
Estonie	2009	Part_des_sièges_occupés_par_des_femmes_dans_les_parlements_nationaux	22.8%	0.544
Portugal	2008	Part_des_sièges_occupés_par_des_femmes_dans_les_parlements_nationaux	28.3%	0.434
Australie	2015	Part_des_sièges_occupés_par_des_femmes_dans_les_parlements_nationaux	26.7%	0.466
Allemagne	2001	Part_des_sièges_occupés_par_des_femmes_dans_les_parlements_nationaux	31.1%	0.378
Allemagne	2004	Part_des_sièges_occupés_par_des_femmes_dans_les_parlements_nationaux	32.8%	0.344
Norvège	2007	Part_des_sièges_occupés_par_des_femmes_dans_les_parlements_nationaux	36.1%	0.278
Nouvelle-Zélande	2006	Part_des_sièges_occupés_par_des_femmes_dans_les_parlements_nationaux	32.2%	0.356
Irlande	2003	Part_des_sièges_occupés_par_des_femmes_dans_les_parlements_nationaux	13.3%	0.734
Pologne	2007	Part_des_sièges_occupés_par_des_femmes_dans_les_parlements_nationaux	20.4%	0.592
Chili	2006	Part_des_sièges_occupés_par_des_femmes_dans_les_parlements_nationaux	15.0%	0.7
Japon	2012	Part_des_sièges_occupés_par_des_femmes_dans_les_parlements_nationaux	7.9%	0.842
France	2012	Part_des_sièges_occupés_par_des_femmes_dans_les_parlements_nationaux	26.9%	0.462
Allemagne	2012	Part_des_sièges_occupés_par_des_femmes_dans_les_parlements_nationaux	32.9%	0.342
Brésil	2004	Part_des_sièges_occupés_par_des_femmes_dans_les_parlements_nationaux	8.6%	0.828
Pologne	2000	Part_des_sièges_occupés_par_des_femmes_dans_les_parlements_nationaux	13.0%	0.74
Estonie	2007	Part_des_sièges_occupés_par_des_femmes_dans_les_parlements_nationaux	20.8%	0.584
Portugal	2012	Part_des_sièges_occupés_par_des_femmes_dans_les_parlements_nationaux	28.7%	0.426
Estonie	2001	Part_des_sièges_occupés_par_des_femmes_dans_les_parlements_nationaux	17.8%	0.644
Finlande	2011	Part_des_sièges_occupés_par_des_femmes_dans_les_parlements_nationaux	42.5%	0.15
Russie	2009	Part_des_sièges_occupés_par_des_femmes_dans_les_parlements_nationaux	14.0%	0.72
Japon	2009	Part_des_sièges_occupés_par_des_femmes_dans_les_parlements_nationaux	11.3%	0.774
Nouvelle-Zélande	2013	Part_des_sièges_occupés_par_des_femmes_dans_les_parlements_nationaux	32.2%	0.356
Islande	2007	Part_des_sièges_occupés_par_des_femmes_dans_les_parlements_nationaux	33.3%	0.334
Corée	2003	Part_des_sièges_occupés_par_des_femmes_dans_les_parlements_nationaux	5.9%	0.882
République tchèque	2002	Part_des_sièges_occupés_par_des_femmes_dans_les_parlements_nationaux	17.0%	0.66
Turquie	2003	Part_des_sièges_occupés_par_des_femmes_dans_les_parlements_nationaux	4.4%	0.912
Slovénie	2006	Part_des_sièges_occupés_par_des_femmes_dans_les_parlements_nationaux	12.2%	0.756
Portugal	2014	Part_des_sièges_occupés_par_des_femmes_dans_les_parlements_nationaux	31.3%	0.374
Slovénie	2001	Part_des_sièges_occupés_par_des_femmes_dans_les_parlements_nationaux	12.2%	0.756
Canada	2012	Part_des_sièges_occupés_par_des_femmes_dans_les_parlements_nationaux	24.7%	0.506
Russie	2003	Part_des_sièges_occupés_par_des_femmes_dans_les_parlements_nationaux	7.6%	0.848
Suisse	2010	Part_des_sièges_occupés_par_des_femmes_dans_les_parlements_nationaux	29.0%	0.42
Autriche	2013	Part_des_sièges_occupés_par_des_femmes_dans_les_parlements_nationaux	33.3%	0.334
Slovénie	2015	Part_des_sièges_occupés_par_des_femmes_dans_les_parlements_nationaux	36.7%	0.266
Japon	2003	Part_des_sièges_occupés_par_des_femmes_dans_les_parlements_nationaux	7.1%	0.858
Irlande	2009	Part_des_sièges_occupés_par_des_femmes_dans_les_parlements_nationaux	13.9%	0.722
Portugal	2001	Part_des_sièges_occupés_par_des_femmes_dans_les_parlements_nationaux	18.7%	0.626
Finlande	2013	Part_des_sièges_occupés_par_des_femmes_dans_les_parlements_nationaux	42.5%	0.15
Indonésie	2014	Part_des_sièges_occupés_par_des_femmes_dans_les_parlements_nationaux	16.9%	0.662
Espagne	2009	Part_des_sièges_occupés_par_des_femmes_dans_les_parlements_nationaux	36.6%	0.268
Afrique du Sud	2010	Part_des_sièges_occupés_par_des_femmes_dans_les_parlements_nationaux	44.5%	0.11
Estonie	2004	Part_des_sièges_occupés_par_des_femmes_dans_les_parlements_nationaux	18.8%	0.624
Israël	2009	Part_des_sièges_occupés_par_des_femmes_dans_les_parlements_nationaux	18.3%	0.634
Brésil	2010	Part_des_sièges_occupés_par_des_femmes_dans_les_parlements_nationaux	8.6%	0.828
Espagne	2000	Part_des_sièges_occupés_par_des_femmes_dans_les_parlements_nationaux	28.3%	0.434
Israël	2005	Part_des_sièges_occupés_par_des_femmes_dans_les_parlements_nationaux	15.0%	0.7
États-Unis	2001	Part_des_sièges_occupés_par_des_femmes_dans_les_parlements_nationaux	14.0%	0.72
Chili	2007	Part_des_sièges_occupés_par_des_femmes_dans_les_parlements_nationaux	15.0%	0.7
États-Unis	2014	Part_des_sièges_occupés_par_des_femmes_dans_les_parlements_nationaux	19.3%	0.614
Royaume-Uni	2014	Part_des_sièges_occupés_par_des_femmes_dans_les_parlements_nationaux	22.6%	0.548
Allemagne	2003	Part_des_sièges_occupés_par_des_femmes_dans_les_parlements_nationaux	32.2%	0.356
Lituanie	2007	Part_des_sièges_occupés_par_des_femmes_dans_les_parlements_nationaux	22.7%	0.546
Finlande	2012	Part_des_sièges_occupés_par_des_femmes_dans_les_parlements_nationaux	42.5%	0.15
Hongrie	2003	Part_des_sièges_occupés_par_des_femmes_dans_les_parlements_nationaux	9.8%	0.804
Slovénie	2008	Part_des_sièges_occupés_par_des_femmes_dans_les_parlements_nationaux	13.3%	0.734
Autriche	2009	Part_des_sièges_occupés_par_des_femmes_dans_les_parlements_nationaux	27.9%	0.442
Nouvelle-Zélande	2005	Part_des_sièges_occupés_par_des_femmes_dans_les_parlements_nationaux	32.2%	0.356
Costa Rica	2004	Part_des_sièges_occupés_par_des_femmes_dans_les_parlements_nationaux	35.1%	0.298
Danemark	2014	Part_des_sièges_occupés_par_des_femmes_dans_les_parlements_nationaux	39.1%	0.218
Lettonie	2008	Part_des_sièges_occupés_par_des_femmes_dans_les_parlements_nationaux	20.0%	0.6
États-Unis	2008	Part_des_sièges_occupés_par_des_femmes_dans_les_parlements_nationaux	17.0%	0.66
Brésil	2003	Part_des_sièges_occupés_par_des_femmes_dans_les_parlements_nationaux	8.6%	0.828
Chili	2005	Part_des_sièges_occupés_par_des_femmes_dans_les_parlements_nationaux	15.0%	0.7
Grèce	2010	Part_des_sièges_occupés_par_des_femmes_dans_les_parlements_nationaux	17.3%	0.654
Indonésie	2010	Part_des_sièges_occupés_par_des_femmes_dans_les_parlements_nationaux	18.0%	0.64
Indonésie	2012	Part_des_sièges_occupés_par_des_femmes_dans_les_parlements_nationaux	18.6%	0.628
Belgique	2007	Part_des_sièges_occupés_par_des_femmes_dans_les_parlements_nationaux	35.3%	0.294
Chine (République populaire de)	2005	Part_des_sièges_occupés_par_des_femmes_dans_les_parlements_nationaux	20.3%	0.594
Suisse	2006	Part_des_sièges_occupés_par_des_femmes_dans_les_parlements_nationaux	25.0%	0.5
Espagne	2002	Part_des_sièges_occupés_par_des_femmes_dans_les_parlements_nationaux	28.3%	0.434
Italie	2003	Part_des_sièges_occupés_par_des_femmes_dans_les_parlements_nationaux	11.5%	0.77
Inde	2001	Part_des_sièges_occupés_par_des_femmes_dans_les_parlements_nationaux	8.8%	0.824
Turquie	2013	Part_des_sièges_occupés_par_des_femmes_dans_les_parlements_nationaux	14.4%	0.712
Lettonie	2000	Part_des_sièges_occupés_par_des_femmes_dans_les_parlements_nationaux	17.0%	0.66
Afrique du Sud	2015	Part_des_sièges_occupés_par_des_femmes_dans_les_parlements_nationaux	42.0%	0.16
Corée	2002	Part_des_sièges_occupés_par_des_femmes_dans_les_parlements_nationaux	5.9%	0.882
Suisse	2015	Part_des_sièges_occupés_par_des_femmes_dans_les_parlements_nationaux	32.0%	0.36
Pays-Bas	2015	Part_des_sièges_occupés_par_des_femmes_dans_les_parlements_nationaux	37.3%	0.254
Lettonie	2014	Part_des_sièges_occupés_par_des_femmes_dans_les_parlements_nationaux	18.0%	0.64
Costa Rica	2011	Part_des_sièges_occupés_par_des_femmes_dans_les_parlements_nationaux	38.6%	0.228
Costa Rica	2008	Part_des_sièges_occupés_par_des_femmes_dans_les_parlements_nationaux	36.8%	0.264
Pologne	2002	Part_des_sièges_occupés_par_des_femmes_dans_les_parlements_nationaux	20.2%	0.596
Finlande	2004	Part_des_sièges_occupés_par_des_femmes_dans_les_parlements_nationaux	37.5%	0.25
République slovaque	2014	Part_des_sièges_occupés_par_des_femmes_dans_les_parlements_nationaux	18.7%	0.626
Slovénie	2005	Part_des_sièges_occupés_par_des_femmes_dans_les_parlements_nationaux	12.2%	0.756
Corée	2015	Part_des_sièges_occupés_par_des_femmes_dans_les_parlements_nationaux	16.3%	0.674
Lituanie	2008	Part_des_sièges_occupés_par_des_femmes_dans_les_parlements_nationaux	17.7%	0.646
Japon	2004	Part_des_sièges_occupés_par_des_femmes_dans_les_parlements_nationaux	7.1%	0.858
Russie	2007	Part_des_sièges_occupés_par_des_femmes_dans_les_parlements_nationaux	14.0%	0.72
Nouvelle-Zélande	2003	Part_des_sièges_occupés_par_des_femmes_dans_les_parlements_nationaux	28.3%	0.434
Lituanie	2005	Part_des_sièges_occupés_par_des_femmes_dans_les_parlements_nationaux	22.0%	0.56
Indonésie	2003	Part_des_sièges_occupés_par_des_femmes_dans_les_parlements_nationaux	8.0%	0.84
Royaume-Uni	2001	Part_des_sièges_occupés_par_des_femmes_dans_les_parlements_nationaux	17.9%	0.642
Nouvelle-Zélande	2010	Part_des_sièges_occupés_par_des_femmes_dans_les_parlements_nationaux	33.6%	0.328
Estonie	2006	Part_des_sièges_occupés_par_des_femmes_dans_les_parlements_nationaux	18.8%	0.624
Turquie	2000	Part_des_sièges_occupés_par_des_femmes_dans_les_parlements_nationaux	4.2%	0.916
Slovénie	2002	Part_des_sièges_occupés_par_des_femmes_dans_les_parlements_nationaux	12.2%	0.756
République tchèque	2008	Part_des_sièges_occupés_par_des_femmes_dans_les_parlements_nationaux	15.5%	0.69
Corée	2008	Part_des_sièges_occupés_par_des_femmes_dans_les_parlements_nationaux	13.7%	0.726
Colombie	2006	Part_des_sièges_occupés_par_des_femmes_dans_les_parlements_nationaux	8.4%	0.832
Brésil	2009	Part_des_sièges_occupés_par_des_femmes_dans_les_parlements_nationaux	8.8%	0.824
République slovaque	2009	Part_des_sièges_occupés_par_des_femmes_dans_les_parlements_nationaux	18.0%	0.64
Norvège	2010	Part_des_sièges_occupés_par_des_femmes_dans_les_parlements_nationaux	39.6%	0.208
Norvège	2004	Part_des_sièges_occupés_par_des_femmes_dans_les_parlements_nationaux	38.2%	0.236
Mexique	2003	Part_des_sièges_occupés_par_des_femmes_dans_les_parlements_nationaux	22.6%	0.548
Grèce	2014	Part_des_sièges_occupés_par_des_femmes_dans_les_parlements_nationaux	21.0%	0.58
Indonésie	2006	Part_des_sièges_occupés_par_des_femmes_dans_les_parlements_nationaux	11.3%	0.774
République tchèque	2009	Part_des_sièges_occupés_par_des_femmes_dans_les_parlements_nationaux	15.5%	0.69
Costa Rica	2014	Part_des_sièges_occupés_par_des_femmes_dans_les_parlements_nationaux	33.3%	0.334
Chine (République populaire de)	2006	Part_des_sièges_occupés_par_des_femmes_dans_les_parlements_nationaux	20.3%	0.594
Russie	2011	Part_des_sièges_occupés_par_des_femmes_dans_les_parlements_nationaux	13.6%	0.728
France	2004	Part_des_sièges_occupés_par_des_femmes_dans_les_parlements_nationaux	12.2%	0.756
Corée	2007	Part_des_sièges_occupés_par_des_femmes_dans_les_parlements_nationaux	14.4%	0.712
Indonésie	2015	Part_des_sièges_occupés_par_des_femmes_dans_les_parlements_nationaux	17.1%	0.658
Royaume-Uni	2011	Part_des_sièges_occupés_par_des_femmes_dans_les_parlements_nationaux	22.3%	0.554
Turquie	2012	Part_des_sièges_occupés_par_des_femmes_dans_les_parlements_nationaux	14.2%	0.716
Italie	2011	Part_des_sièges_occupés_par_des_femmes_dans_les_parlements_nationaux	21.6%	0.568
Danemark	2008	Part_des_sièges_occupés_par_des_femmes_dans_les_parlements_nationaux	38.0%	0.24
Indonésie	2002	Part_des_sièges_occupés_par_des_femmes_dans_les_parlements_nationaux	8.0%	0.84
Brésil	2006	Part_des_sièges_occupés_par_des_femmes_dans_les_parlements_nationaux	8.8%	0.824
France	2010	Part_des_sièges_occupés_par_des_femmes_dans_les_parlements_nationaux	18.9%	0.622
Norvège	2014	Part_des_sièges_occupés_par_des_femmes_dans_les_parlements_nationaux	39.6%	0.208
Belgique	2014	Part_des_sièges_occupés_par_des_femmes_dans_les_parlements_nationaux	39.3%	0.214
Slovénie	2013	Part_des_sièges_occupés_par_des_femmes_dans_les_parlements_nationaux	32.2%	0.356
Belgique	2010	Part_des_sièges_occupés_par_des_femmes_dans_les_parlements_nationaux	39.3%	0.214
Hongrie	2001	Part_des_sièges_occupés_par_des_femmes_dans_les_parlements_nationaux	8.3%	0.834
Slovénie	2011	Part_des_sièges_occupés_par_des_femmes_dans_les_parlements_nationaux	32.2%	0.356
France	2002	Part_des_sièges_occupés_par_des_femmes_dans_les_parlements_nationaux	12.1%	0.758
États-Unis	2005	Part_des_sièges_occupés_par_des_femmes_dans_les_parlements_nationaux	15.2%	0.696
République slovaque	2007	Part_des_sièges_occupés_par_des_femmes_dans_les_parlements_nationaux	19.3%	0.614
Espagne	2014	Part_des_sièges_occupés_par_des_femmes_dans_les_parlements_nationaux	39.7%	0.206
Luxembourg	2009	Part_des_sièges_occupés_par_des_femmes_dans_les_parlements_nationaux	20.0%	0.6
Afrique du Sud	2009	Part_des_sièges_occupés_par_des_femmes_dans_les_parlements_nationaux	44.5%	0.11
Danemark	2000	Part_des_sièges_occupés_par_des_femmes_dans_les_parlements_nationaux	37.4%	0.252
Italie	2009	Part_des_sièges_occupés_par_des_femmes_dans_les_parlements_nationaux	21.3%	0.574
Hongrie	2002	Part_des_sièges_occupés_par_des_femmes_dans_les_parlements_nationaux	9.1%	0.818
Mexique	2006	Part_des_sièges_occupés_par_des_femmes_dans_les_parlements_nationaux	22.6%	0.548
Inde	2005	Part_des_sièges_occupés_par_des_femmes_dans_les_parlements_nationaux	8.3%	0.834
Islande	2005	Part_des_sièges_occupés_par_des_femmes_dans_les_parlements_nationaux	33.3%	0.334
Estonie	2015	Part_des_sièges_occupés_par_des_femmes_dans_les_parlements_nationaux	23.8%	0.524
Lituanie	2003	Part_des_sièges_occupés_par_des_femmes_dans_les_parlements_nationaux	10.6%	0.788
Pays-Bas	2005	Part_des_sièges_occupés_par_des_femmes_dans_les_parlements_nationaux	36.7%	0.266
Norvège	2012	Part_des_sièges_occupés_par_des_femmes_dans_les_parlements_nationaux	39.6%	0.208
Inde	2015	Part_des_sièges_occupés_par_des_femmes_dans_les_parlements_nationaux	12.0%	0.76
Costa Rica	2010	Part_des_sièges_occupés_par_des_femmes_dans_les_parlements_nationaux	38.6%	0.228
États-Unis	2010	Part_des_sièges_occupés_par_des_femmes_dans_les_parlements_nationaux	16.8%	0.664
Suisse	2014	Part_des_sièges_occupés_par_des_femmes_dans_les_parlements_nationaux	31.0%	0.38
Belgique	2009	Part_des_sièges_occupés_par_des_femmes_dans_les_parlements_nationaux	38.0%	0.24
Pays-Bas	2013	Part_des_sièges_occupés_par_des_femmes_dans_les_parlements_nationaux	38.7%	0.226
Irlande	2000	Part_des_sièges_occupés_par_des_femmes_dans_les_parlements_nationaux	12.0%	0.76
Chili	2012	Part_des_sièges_occupés_par_des_femmes_dans_les_parlements_nationaux	14.2%	0.716
Suède	2005	Part_des_sièges_occupés_par_des_femmes_dans_les_parlements_nationaux	45.3%	0.094
Hongrie	2012	Part_des_sièges_occupés_par_des_femmes_dans_les_parlements_nationaux	8.8%	0.824
Lituanie	2001	Part_des_sièges_occupés_par_des_femmes_dans_les_parlements_nationaux	10.6%	0.788
République tchèque	2007	Part_des_sièges_occupés_par_des_femmes_dans_les_parlements_nationaux	15.5%	0.69
Irlande	2007	Part_des_sièges_occupés_par_des_femmes_dans_les_parlements_nationaux	13.3%	0.734
Moyenne OCDE	2007	Part_des_sièges_occupés_par_des_femmes_dans_les_parlements_nationaux	23.9%	0.522
Royaume-Uni	2007	Part_des_sièges_occupés_par_des_femmes_dans_les_parlements_nationaux	19.5%	0.61
Moyenne OCDE	2004	Part_des_sièges_occupés_par_des_femmes_dans_les_parlements_nationaux	22.2%	0.556
Grèce	2003	Part_des_sièges_occupés_par_des_femmes_dans_les_parlements_nationaux	8.7%	0.826
Belgique	2001	Part_des_sièges_occupés_par_des_femmes_dans_les_parlements_nationaux	23.3%	0.534
Luxembourg	2011	Part_des_sièges_occupés_par_des_femmes_dans_les_parlements_nationaux	25.0%	0.5
Suisse	2003	Part_des_sièges_occupés_par_des_femmes_dans_les_parlements_nationaux	25.0%	0.5
Italie	2015	Part_des_sièges_occupés_par_des_femmes_dans_les_parlements_nationaux	31.0%	0.38
France	2003	Part_des_sièges_occupés_par_des_femmes_dans_les_parlements_nationaux	12.2%	0.756
Islande	2014	Part_des_sièges_occupés_par_des_femmes_dans_les_parlements_nationaux	39.7%	0.206
Estonie	2008	Part_des_sièges_occupés_par_des_femmes_dans_les_parlements_nationaux	20.8%	0.584
Moyenne OCDE	2014	Part_des_sièges_occupés_par_des_femmes_dans_les_parlements_nationaux	27.4%	0.452
Islande	2012	Part_des_sièges_occupés_par_des_femmes_dans_les_parlements_nationaux	39.7%	0.206
Pologne	2011	Part_des_sièges_occupés_par_des_femmes_dans_les_parlements_nationaux	23.7%	0.526
Japon	2015	Part_des_sièges_occupés_par_des_femmes_dans_les_parlements_nationaux	9.5%	0.81
Australie	2005	Part_des_sièges_occupés_par_des_femmes_dans_les_parlements_nationaux	24.7%	0.506
Espagne	2007	Part_des_sièges_occupés_par_des_femmes_dans_les_parlements_nationaux	36.6%	0.268
Grèce	2009	Part_des_sièges_occupés_par_des_femmes_dans_les_parlements_nationaux	17.3%	0.654
République tchèque	2005	Part_des_sièges_occupés_par_des_femmes_dans_les_parlements_nationaux	17.0%	0.66
Inde	2002	Part_des_sièges_occupés_par_des_femmes_dans_les_parlements_nationaux	8.8%	0.824
Belgique	2013	Part_des_sièges_occupés_par_des_femmes_dans_les_parlements_nationaux	38.0%	0.24
Islande	2001	Part_des_sièges_occupés_par_des_femmes_dans_les_parlements_nationaux	34.9%	0.302
Mexique	2014	Part_des_sièges_occupés_par_des_femmes_dans_les_parlements_nationaux	37.4%	0.252
Brésil	2007	Part_des_sièges_occupés_par_des_femmes_dans_les_parlements_nationaux	9.0%	0.82
Costa Rica	2007	Part_des_sièges_occupés_par_des_femmes_dans_les_parlements_nationaux	36.8%	0.264
Autriche	2000	Part_des_sièges_occupés_par_des_femmes_dans_les_parlements_nationaux	26.8%	0.464
Israël	2003	Part_des_sièges_occupés_par_des_femmes_dans_les_parlements_nationaux	15.0%	0.7
Allemagne	2006	Part_des_sièges_occupés_par_des_femmes_dans_les_parlements_nationaux	31.6%	0.368
Chine (République populaire de)	2015	Part_des_sièges_occupés_par_des_femmes_dans_les_parlements_nationaux	23.6%	0.528
République slovaque	2010	Part_des_sièges_occupés_par_des_femmes_dans_les_parlements_nationaux	15.3%	0.694
Inde	2006	Part_des_sièges_occupés_par_des_femmes_dans_les_parlements_nationaux	8.3%	0.834
Turquie	2011	Part_des_sièges_occupés_par_des_femmes_dans_les_parlements_nationaux	14.2%	0.716
Royaume-Uni	2015	Part_des_sièges_occupés_par_des_femmes_dans_les_parlements_nationaux	29.4%	0.412
Colombie	2007	Part_des_sièges_occupés_par_des_femmes_dans_les_parlements_nationaux	8.4%	0.832
Norvège	2008	Part_des_sièges_occupés_par_des_femmes_dans_les_parlements_nationaux	36.1%	0.278
Estonie	2013	Part_des_sièges_occupés_par_des_femmes_dans_les_parlements_nationaux	20.8%	0.584
Nouvelle-Zélande	2001	Part_des_sièges_occupés_par_des_femmes_dans_les_parlements_nationaux	30.8%	0.384
Colombie	2012	Part_des_sièges_occupés_par_des_femmes_dans_les_parlements_nationaux	12.1%	0.758
Chili	2011	Part_des_sièges_occupés_par_des_femmes_dans_les_parlements_nationaux	14.2%	0.716
Suède	2010	Part_des_sièges_occupés_par_des_femmes_dans_les_parlements_nationaux	45.0%	0.1
Lituanie	2014	Part_des_sièges_occupés_par_des_femmes_dans_les_parlements_nationaux	24.1%	0.518
Grèce	2012	Part_des_sièges_occupés_par_des_femmes_dans_les_parlements_nationaux	21.0%	0.58
Costa Rica	2013	Part_des_sièges_occupés_par_des_femmes_dans_les_parlements_nationaux	38.6%	0.228
Finlande	2003	Part_des_sièges_occupés_par_des_femmes_dans_les_parlements_nationaux	37.5%	0.25
Italie	2008	Part_des_sièges_occupés_par_des_femmes_dans_les_parlements_nationaux	21.3%	0.574
Danemark	2006	Part_des_sièges_occupés_par_des_femmes_dans_les_parlements_nationaux	36.9%	0.262
Belgique	2011	Part_des_sièges_occupés_par_des_femmes_dans_les_parlements_nationaux	38.0%	0.24
Grèce	2008	Part_des_sièges_occupés_par_des_femmes_dans_les_parlements_nationaux	14.7%	0.706
Pologne	2009	Part_des_sièges_occupés_par_des_femmes_dans_les_parlements_nationaux	20.0%	0.6
Mexique	2001	Part_des_sièges_occupés_par_des_femmes_dans_les_parlements_nationaux	16.0%	0.68
Espagne	2006	Part_des_sièges_occupés_par_des_femmes_dans_les_parlements_nationaux	36.0%	0.28
Suède	2007	Part_des_sièges_occupés_par_des_femmes_dans_les_parlements_nationaux	47.0%	0.06
Colombie	2008	Part_des_sièges_occupés_par_des_femmes_dans_les_parlements_nationaux	8.4%	0.832
France	2000	Part_des_sièges_occupés_par_des_femmes_dans_les_parlements_nationaux	10.9%	0.782
Australie	2002	Part_des_sièges_occupés_par_des_femmes_dans_les_parlements_nationaux	25.3%	0.494
Lettonie	2012	Part_des_sièges_occupés_par_des_femmes_dans_les_parlements_nationaux	23.0%	0.54
Turquie	2007	Part_des_sièges_occupés_par_des_femmes_dans_les_parlements_nationaux	9.1%	0.818
Islande	2004	Part_des_sièges_occupés_par_des_femmes_dans_les_parlements_nationaux	30.2%	0.396
France	2007	Part_des_sièges_occupés_par_des_femmes_dans_les_parlements_nationaux	18.2%	0.636
Turquie	2001	Part_des_sièges_occupés_par_des_femmes_dans_les_parlements_nationaux	4.2%	0.916
Corée	2013	Part_des_sièges_occupés_par_des_femmes_dans_les_parlements_nationaux	15.7%	0.686
République tchèque	2004	Part_des_sièges_occupés_par_des_femmes_dans_les_parlements_nationaux	17.0%	0.66
Japon	2008	Part_des_sièges_occupés_par_des_femmes_dans_les_parlements_nationaux	9.4%	0.812
Mexique	2008	Part_des_sièges_occupés_par_des_femmes_dans_les_parlements_nationaux	23.2%	0.536
Lituanie	2006	Part_des_sièges_occupés_par_des_femmes_dans_les_parlements_nationaux	24.8%	0.504
Slovénie	2014	Part_des_sièges_occupés_par_des_femmes_dans_les_parlements_nationaux	35.6%	0.288
Suisse	2001	Part_des_sièges_occupés_par_des_femmes_dans_les_parlements_nationaux	23.0%	0.54
Grèce	2001	Part_des_sièges_occupés_par_des_femmes_dans_les_parlements_nationaux	8.7%	0.826
Danemark	2009	Part_des_sièges_occupés_par_des_femmes_dans_les_parlements_nationaux	38.0%	0.24
Costa Rica	2000	Part_des_sièges_occupés_par_des_femmes_dans_les_parlements_nationaux	19.3%	0.614
Allemagne	2007	Part_des_sièges_occupés_par_des_femmes_dans_les_parlements_nationaux	31.6%	0.368
Indonésie	2008	Part_des_sièges_occupés_par_des_femmes_dans_les_parlements_nationaux	11.6%	0.768
Norvège	2015	Part_des_sièges_occupés_par_des_femmes_dans_les_parlements_nationaux	39.6%	0.208
Norvège	2011	Part_des_sièges_occupés_par_des_femmes_dans_les_parlements_nationaux	39.6%	0.208
Brésil	2012	Part_des_sièges_occupés_par_des_femmes_dans_les_parlements_nationaux	8.6%	0.828
Chili	2003	Part_des_sièges_occupés_par_des_femmes_dans_les_parlements_nationaux	12.5%	0.75
Indonésie	2000	Part_des_sièges_occupés_par_des_femmes_dans_les_parlements_nationaux	8.0%	0.84
Inde	2000	Part_des_sièges_occupés_par_des_femmes_dans_les_parlements_nationaux	9.0%	0.82
Colombie	2005	Part_des_sièges_occupés_par_des_femmes_dans_les_parlements_nationaux	12.1%	0.758
Australie	2004	Part_des_sièges_occupés_par_des_femmes_dans_les_parlements_nationaux	24.7%	0.506
Afrique du Sud	2002	Part_des_sièges_occupés_par_des_femmes_dans_les_parlements_nationaux	29.8%	0.404
Brésil	2001	Part_des_sièges_occupés_par_des_femmes_dans_les_parlements_nationaux	6.8%	0.864
Luxembourg	2008	Part_des_sièges_occupés_par_des_femmes_dans_les_parlements_nationaux	23.3%	0.534
Israël	2004	Part_des_sièges_occupés_par_des_femmes_dans_les_parlements_nationaux	15.0%	0.7
France	2014	Part_des_sièges_occupés_par_des_femmes_dans_les_parlements_nationaux	26.2%	0.476
Suède	2011	Part_des_sièges_occupés_par_des_femmes_dans_les_parlements_nationaux	44.7%	0.106
Portugal	2006	Part_des_sièges_occupés_par_des_femmes_dans_les_parlements_nationaux	21.3%	0.574
Suède	2000	Part_des_sièges_occupés_par_des_femmes_dans_les_parlements_nationaux	42.7%	0.146
Mexique	2002	Part_des_sièges_occupés_par_des_femmes_dans_les_parlements_nationaux	16.0%	0.68
Finlande	2001	Part_des_sièges_occupés_par_des_femmes_dans_les_parlements_nationaux	36.5%	0.27
Estonie	2002	Part_des_sièges_occupés_par_des_femmes_dans_les_parlements_nationaux	17.8%	0.644
Allemagne	2014	Part_des_sièges_occupés_par_des_femmes_dans_les_parlements_nationaux	36.5%	0.27
Espagne	2008	Part_des_sièges_occupés_par_des_femmes_dans_les_parlements_nationaux	36.3%	0.274
Brésil	2005	Part_des_sièges_occupés_par_des_femmes_dans_les_parlements_nationaux	8.6%	0.828
Pologne	2003	Part_des_sièges_occupés_par_des_femmes_dans_les_parlements_nationaux	20.2%	0.596
Norvège	2009	Part_des_sièges_occupés_par_des_femmes_dans_les_parlements_nationaux	39.6%	0.208
Chine (République populaire de)	2011	Part_des_sièges_occupés_par_des_femmes_dans_les_parlements_nationaux	21.3%	0.574
Costa Rica	2009	Part_des_sièges_occupés_par_des_femmes_dans_les_parlements_nationaux	36.8%	0.264
Japon	2002	Part_des_sièges_occupés_par_des_femmes_dans_les_parlements_nationaux	7.3%	0.854
Australie	2011	Part_des_sièges_occupés_par_des_femmes_dans_les_parlements_nationaux	24.7%	0.506
Allemagne	2011	Part_des_sièges_occupés_par_des_femmes_dans_les_parlements_nationaux	32.9%	0.342
Autriche	2006	Part_des_sièges_occupés_par_des_femmes_dans_les_parlements_nationaux	32.2%	0.356
Royaume-Uni	2012	Part_des_sièges_occupés_par_des_femmes_dans_les_parlements_nationaux	22.5%	0.55
Chine (République populaire de)	2001	Part_des_sièges_occupés_par_des_femmes_dans_les_parlements_nationaux	21.8%	0.564
Belgique	2002	Part_des_sièges_occupés_par_des_femmes_dans_les_parlements_nationaux	23.3%	0.534
Lettonie	2004	Part_des_sièges_occupés_par_des_femmes_dans_les_parlements_nationaux	21.0%	0.58
Pays-Bas	2000	Part_des_sièges_occupés_par_des_femmes_dans_les_parlements_nationaux	36.0%	0.28
Japon	2010	Part_des_sièges_occupés_par_des_femmes_dans_les_parlements_nationaux	11.3%	0.774
Suède	2008	Part_des_sièges_occupés_par_des_femmes_dans_les_parlements_nationaux	47.0%	0.06
Irlande	2008	Part_des_sièges_occupés_par_des_femmes_dans_les_parlements_nationaux	13.3%	0.734
Portugal	2009	Part_des_sièges_occupés_par_des_femmes_dans_les_parlements_nationaux	27.4%	0.452
Chine (République populaire de)	2004	Part_des_sièges_occupés_par_des_femmes_dans_les_parlements_nationaux	20.2%	0.596
Canada	2007	Part_des_sièges_occupés_par_des_femmes_dans_les_parlements_nationaux	21.3%	0.574
Norvège	2002	Part_des_sièges_occupés_par_des_femmes_dans_les_parlements_nationaux	36.4%	0.272
Indonésie	2005	Part_des_sièges_occupés_par_des_femmes_dans_les_parlements_nationaux	11.3%	0.774
Russie	2006	Part_des_sièges_occupés_par_des_femmes_dans_les_parlements_nationaux	9.8%	0.804
Russie	2012	Part_des_sièges_occupés_par_des_femmes_dans_les_parlements_nationaux	13.6%	0.728
Mexique	2012	Part_des_sièges_occupés_par_des_femmes_dans_les_parlements_nationaux	36.8%	0.264
Hongrie	2007	Part_des_sièges_occupés_par_des_femmes_dans_les_parlements_nationaux	11.1%	0.778
Islande	2003	Part_des_sièges_occupés_par_des_femmes_dans_les_parlements_nationaux	30.2%	0.396
Canada	2013	Part_des_sièges_occupés_par_des_femmes_dans_les_parlements_nationaux	24.7%	0.506
Chine (République populaire de)	2012	Part_des_sièges_occupés_par_des_femmes_dans_les_parlements_nationaux	21.3%	0.574
Mexique	2009	Part_des_sièges_occupés_par_des_femmes_dans_les_parlements_nationaux	27.6%	0.448
Portugal	2011	Part_des_sièges_occupés_par_des_femmes_dans_les_parlements_nationaux	28.7%	0.426
Israël	2000	Part_des_sièges_occupés_par_des_femmes_dans_les_parlements_nationaux	12.5%	0.75
Brésil	2013	Part_des_sièges_occupés_par_des_femmes_dans_les_parlements_nationaux	8.6%	0.828
Espagne	2003	Part_des_sièges_occupés_par_des_femmes_dans_les_parlements_nationaux	28.3%	0.434
Colombie	2002	Part_des_sièges_occupés_par_des_femmes_dans_les_parlements_nationaux	12.0%	0.76
Islande	2010	Part_des_sièges_occupés_par_des_femmes_dans_les_parlements_nationaux	42.9%	0.142
Finlande	2010	Part_des_sièges_occupés_par_des_femmes_dans_les_parlements_nationaux	40.0%	0.2
Chili	2004	Part_des_sièges_occupés_par_des_femmes_dans_les_parlements_nationaux	12.5%	0.75
Israël	2006	Part_des_sièges_occupés_par_des_femmes_dans_les_parlements_nationaux	14.2%	0.716
Brésil	2002	Part_des_sièges_occupés_par_des_femmes_dans_les_parlements_nationaux	6.2%	0.876
Canada	2002	Part_des_sièges_occupés_par_des_femmes_dans_les_parlements_nationaux	20.6%	0.588
États-Unis	2003	Part_des_sièges_occupés_par_des_femmes_dans_les_parlements_nationaux	14.3%	0.714
Japon	2005	Part_des_sièges_occupés_par_des_femmes_dans_les_parlements_nationaux	9.0%	0.82
Hongrie	2006	Part_des_sièges_occupés_par_des_femmes_dans_les_parlements_nationaux	10.4%	0.792
Lituanie	2013	Part_des_sièges_occupés_par_des_femmes_dans_les_parlements_nationaux	24.1%	0.518
Irlande	2002	Part_des_sièges_occupés_par_des_femmes_dans_les_parlements_nationaux	13.3%	0.734
Espagne	2012	Part_des_sièges_occupés_par_des_femmes_dans_les_parlements_nationaux	36.0%	0.28
Slovénie	2009	Part_des_sièges_occupés_par_des_femmes_dans_les_parlements_nationaux	14.4%	0.712
Irlande	2005	Part_des_sièges_occupés_par_des_femmes_dans_les_parlements_nationaux	13.3%	0.734
Lituanie	2015	Part_des_sièges_occupés_par_des_femmes_dans_les_parlements_nationaux	23.4%	0.532
Inde	2009	Part_des_sièges_occupés_par_des_femmes_dans_les_parlements_nationaux	10.8%	0.784
Chine (République populaire de)	2007	Part_des_sièges_occupés_par_des_femmes_dans_les_parlements_nationaux	20.6%	0.588
Japon	2001	Part_des_sièges_occupés_par_des_femmes_dans_les_parlements_nationaux	7.3%	0.854
Pologne	2012	Part_des_sièges_occupés_par_des_femmes_dans_les_parlements_nationaux	23.7%	0.526
Italie	2000	Part_des_sièges_occupés_par_des_femmes_dans_les_parlements_nationaux	11.1%	0.778
Norvège	2003	Part_des_sièges_occupés_par_des_femmes_dans_les_parlements_nationaux	36.4%	0.272
Chili	2013	Part_des_sièges_occupés_par_des_femmes_dans_les_parlements_nationaux	15.8%	0.684
Lettonie	2007	Part_des_sièges_occupés_par_des_femmes_dans_les_parlements_nationaux	20.0%	0.6
Irlande	2004	Part_des_sièges_occupés_par_des_femmes_dans_les_parlements_nationaux	13.3%	0.734
Slovénie	2004	Part_des_sièges_occupés_par_des_femmes_dans_les_parlements_nationaux	12.2%	0.756
Slovénie	2012	Part_des_sièges_occupés_par_des_femmes_dans_les_parlements_nationaux	32.2%	0.356
Australie	2012	Part_des_sièges_occupés_par_des_femmes_dans_les_parlements_nationaux	24.7%	0.506
Chili	2009	Part_des_sièges_occupés_par_des_femmes_dans_les_parlements_nationaux	14.2%	0.716
Moyenne OCDE	2001	Part_des_sièges_occupés_par_des_femmes_dans_les_parlements_nationaux	19.4%	0.612
Israël	2011	Part_des_sièges_occupés_par_des_femmes_dans_les_parlements_nationaux	20.0%	0.6
Allemagne	2002	Part_des_sièges_occupés_par_des_femmes_dans_les_parlements_nationaux	32.2%	0.356
Canada	2009	Part_des_sièges_occupés_par_des_femmes_dans_les_parlements_nationaux	22.1%	0.558
Irlande	2014	Part_des_sièges_occupés_par_des_femmes_dans_les_parlements_nationaux	15.7%	0.686
Belgique	2008	Part_des_sièges_occupés_par_des_femmes_dans_les_parlements_nationaux	35.3%	0.294
République slovaque	2001	Part_des_sièges_occupés_par_des_femmes_dans_les_parlements_nationaux	14.0%	0.72
Suisse	2002	Part_des_sièges_occupés_par_des_femmes_dans_les_parlements_nationaux	23.0%	0.54
Nouvelle-Zélande	2012	Part_des_sièges_occupés_par_des_femmes_dans_les_parlements_nationaux	32.2%	0.356
Lituanie	2011	Part_des_sièges_occupés_par_des_femmes_dans_les_parlements_nationaux	19.1%	0.618
République slovaque	2013	Part_des_sièges_occupés_par_des_femmes_dans_les_parlements_nationaux	18.7%	0.626
Australie	2009	Part_des_sièges_occupés_par_des_femmes_dans_les_parlements_nationaux	27.3%	0.454
Belgique	2000	Part_des_sièges_occupés_par_des_femmes_dans_les_parlements_nationaux	23.3%	0.534
Chine (République populaire de)	2013	Part_des_sièges_occupés_par_des_femmes_dans_les_parlements_nationaux	23.4%	0.532
Italie	2010	Part_des_sièges_occupés_par_des_femmes_dans_les_parlements_nationaux	21.3%	0.574
Afrique du Sud	2008	Part_des_sièges_occupés_par_des_femmes_dans_les_parlements_nationaux	33.0%	0.34
Allemagne	2015	Part_des_sièges_occupés_par_des_femmes_dans_les_parlements_nationaux	36.5%	0.27
Portugal	2005	Part_des_sièges_occupés_par_des_femmes_dans_les_parlements_nationaux	21.3%	0.574
Costa Rica	2006	Part_des_sièges_occupés_par_des_femmes_dans_les_parlements_nationaux	38.6%	0.228
France	2015	Part_des_sièges_occupés_par_des_femmes_dans_les_parlements_nationaux	26.2%	0.476
Lettonie	2010	Part_des_sièges_occupés_par_des_femmes_dans_les_parlements_nationaux	20.0%	0.6
Chine (République populaire de)	2008	Part_des_sièges_occupés_par_des_femmes_dans_les_parlements_nationaux	21.3%	0.574
Luxembourg	2013	Part_des_sièges_occupés_par_des_femmes_dans_les_parlements_nationaux	28.3%	0.434
Corée	2006	Part_des_sièges_occupés_par_des_femmes_dans_les_parlements_nationaux	13.4%	0.732
Lituanie	2002	Part_des_sièges_occupés_par_des_femmes_dans_les_parlements_nationaux	10.6%	0.788
Russie	2015	Part_des_sièges_occupés_par_des_femmes_dans_les_parlements_nationaux	13.6%	0.728
Chili	2002	Part_des_sièges_occupés_par_des_femmes_dans_les_parlements_nationaux	12.5%	0.75
Chili	2008	Part_des_sièges_occupés_par_des_femmes_dans_les_parlements_nationaux	15.0%	0.7
Lettonie	2015	Part_des_sièges_occupés_par_des_femmes_dans_les_parlements_nationaux	18.0%	0.64
Japon	2013	Part_des_sièges_occupés_par_des_femmes_dans_les_parlements_nationaux	8.1%	0.838
Turquie	2014	Part_des_sièges_occupés_par_des_femmes_dans_les_parlements_nationaux	14.4%	0.712
France	2006	Part_des_sièges_occupés_par_des_femmes_dans_les_parlements_nationaux	12.2%	0.756
Luxembourg	2012	Part_des_sièges_occupés_par_des_femmes_dans_les_parlements_nationaux	21.7%	0.566
Colombie	2010	Part_des_sièges_occupés_par_des_femmes_dans_les_parlements_nationaux	12.7%	0.746
Moyenne OCDE	2009	Part_des_sièges_occupés_par_des_femmes_dans_les_parlements_nationaux	24.9%	0.502
États-Unis	2004	Part_des_sièges_occupés_par_des_femmes_dans_les_parlements_nationaux	14.9%	0.702
Corée	2011	Part_des_sièges_occupés_par_des_femmes_dans_les_parlements_nationaux	14.7%	0.706
Lettonie	2009	Part_des_sièges_occupés_par_des_femmes_dans_les_parlements_nationaux	22.0%	0.56
Moyenne OCDE	2013	Part_des_sièges_occupés_par_des_femmes_dans_les_parlements_nationaux	27.3%	0.454
Luxembourg	2004	Part_des_sièges_occupés_par_des_femmes_dans_les_parlements_nationaux	23.3%	0.534
Suède	2009	Part_des_sièges_occupés_par_des_femmes_dans_les_parlements_nationaux	46.4%	0.072
Suède	2004	Part_des_sièges_occupés_par_des_femmes_dans_les_parlements_nationaux	45.3%	0.094
Slovénie	2003	Part_des_sièges_occupés_par_des_femmes_dans_les_parlements_nationaux	12.2%	0.756
Colombie	2001	Part_des_sièges_occupés_par_des_femmes_dans_les_parlements_nationaux	11.8%	0.764
Inde	2012	Part_des_sièges_occupés_par_des_femmes_dans_les_parlements_nationaux	11.0%	0.78
Italie	2012	Part_des_sièges_occupés_par_des_femmes_dans_les_parlements_nationaux	21.4%	0.572
République slovaque	2008	Part_des_sièges_occupés_par_des_femmes_dans_les_parlements_nationaux	19.3%	0.614
Pologne	2014	Part_des_sièges_occupés_par_des_femmes_dans_les_parlements_nationaux	24.3%	0.514
Lettonie	2003	Part_des_sièges_occupés_par_des_femmes_dans_les_parlements_nationaux	21.0%	0.58
Hongrie	2015	Part_des_sièges_occupés_par_des_femmes_dans_les_parlements_nationaux	10.1%	0.798
République tchèque	2013	Part_des_sièges_occupés_par_des_femmes_dans_les_parlements_nationaux	19.5%	0.61
Mexique	2007	Part_des_sièges_occupés_par_des_femmes_dans_les_parlements_nationaux	23.2%	0.536
Turquie	2015	Part_des_sièges_occupés_par_des_femmes_dans_les_parlements_nationaux	14.9%	0.702
Finlande	2006	Part_des_sièges_occupés_par_des_femmes_dans_les_parlements_nationaux	38.0%	0.24
France	2008	Part_des_sièges_occupés_par_des_femmes_dans_les_parlements_nationaux	18.2%	0.636
Luxembourg	2003	Part_des_sièges_occupés_par_des_femmes_dans_les_parlements_nationaux	16.7%	0.666
Moyenne OCDE	2008	Part_des_sièges_occupés_par_des_femmes_dans_les_parlements_nationaux	24.0%	0.52
Corée	2009	Part_des_sièges_occupés_par_des_femmes_dans_les_parlements_nationaux	14.7%	0.706
Pologne	2005	Part_des_sièges_occupés_par_des_femmes_dans_les_parlements_nationaux	20.4%	0.592
Autriche	2001	Part_des_sièges_occupés_par_des_femmes_dans_les_parlements_nationaux	26.8%	0.464
Turquie	2008	Part_des_sièges_occupés_par_des_femmes_dans_les_parlements_nationaux	9.1%	0.818
Afrique du Sud	2011	Part_des_sièges_occupés_par_des_femmes_dans_les_parlements_nationaux	42.3%	0.154
Suisse	2009	Part_des_sièges_occupés_par_des_femmes_dans_les_parlements_nationaux	29.0%	0.42
Afrique du Sud	2000	Part_des_sièges_occupés_par_des_femmes_dans_les_parlements_nationaux	29.8%	0.404
Hongrie	2008	Part_des_sièges_occupés_par_des_femmes_dans_les_parlements_nationaux	11.1%	0.778
Israël	2013	Part_des_sièges_occupés_par_des_femmes_dans_les_parlements_nationaux	22.5%	0.55
Afrique du Sud	2007	Part_des_sièges_occupés_par_des_femmes_dans_les_parlements_nationaux	33.0%	0.34
Italie	2002	Part_des_sièges_occupés_par_des_femmes_dans_les_parlements_nationaux	9.8%	0.804
Inde	2010	Part_des_sièges_occupés_par_des_femmes_dans_les_parlements_nationaux	10.8%	0.784
France	2013	Part_des_sièges_occupés_par_des_femmes_dans_les_parlements_nationaux	26.9%	0.462
Lituanie	2012	Part_des_sièges_occupés_par_des_femmes_dans_les_parlements_nationaux	24.5%	0.51
Suède	2002	Part_des_sièges_occupés_par_des_femmes_dans_les_parlements_nationaux	45.0%	0.1
Estonie	2003	Part_des_sièges_occupés_par_des_femmes_dans_les_parlements_nationaux	18.8%	0.624
Lituanie	2004	Part_des_sièges_occupés_par_des_femmes_dans_les_parlements_nationaux	22.0%	0.56
Canada	2001	Part_des_sièges_occupés_par_des_femmes_dans_les_parlements_nationaux	20.6%	0.588
Slovénie	2010	Part_des_sièges_occupés_par_des_femmes_dans_les_parlements_nationaux	14.4%	0.712
Costa Rica	2001	Part_des_sièges_occupés_par_des_femmes_dans_les_parlements_nationaux	19.3%	0.614
Suède	2013	Part_des_sièges_occupés_par_des_femmes_dans_les_parlements_nationaux	45.0%	0.1
Costa Rica	2003	Part_des_sièges_occupés_par_des_femmes_dans_les_parlements_nationaux	35.1%	0.298
Brésil	2014	Part_des_sièges_occupés_par_des_femmes_dans_les_parlements_nationaux	9.9%	0.802
Italie	2007	Part_des_sièges_occupés_par_des_femmes_dans_les_parlements_nationaux	17.3%	0.654
Moyenne OCDE	2000	Part_des_sièges_occupés_par_des_femmes_dans_les_parlements_nationaux	20.2%	0.596
États-Unis	2002	Part_des_sièges_occupés_par_des_femmes_dans_les_parlements_nationaux	13.8%	0.724
Finlande	2005	Part_des_sièges_occupés_par_des_femmes_dans_les_parlements_nationaux	37.5%	0.25
Grèce	2002	Part_des_sièges_occupés_par_des_femmes_dans_les_parlements_nationaux	8.7%	0.826
République tchèque	2001	Part_des_sièges_occupés_par_des_femmes_dans_les_parlements_nationaux	15.0%	0.7
Pays-Bas	2003	Part_des_sièges_occupés_par_des_femmes_dans_les_parlements_nationaux	36.7%	0.266
Grèce	2000	Part_des_sièges_occupés_par_des_femmes_dans_les_parlements_nationaux	8.7%	0.826
Moyenne OCDE	2006	Part_des_sièges_occupés_par_des_femmes_dans_les_parlements_nationaux	22.8%	0.544
Corée	2014	Part_des_sièges_occupés_par_des_femmes_dans_les_parlements_nationaux	16.3%	0.674
Moyenne OCDE	2002	Part_des_sièges_occupés_par_des_femmes_dans_les_parlements_nationaux	20.8%	0.584
États-Unis	2013	Part_des_sièges_occupés_par_des_femmes_dans_les_parlements_nationaux	17.8%	0.644
Turquie	2004	Part_des_sièges_occupés_par_des_femmes_dans_les_parlements_nationaux	4.4%	0.912
Grèce	2015	Part_des_sièges_occupés_par_des_femmes_dans_les_parlements_nationaux	19.7%	0.606
Grèce	2011	Part_des_sièges_occupés_par_des_femmes_dans_les_parlements_nationaux	18.7%	0.626
Israël	2014	Part_des_sièges_occupés_par_des_femmes_dans_les_parlements_nationaux	22.5%	0.55
Colombie	2003	Part_des_sièges_occupés_par_des_femmes_dans_les_parlements_nationaux	12.0%	0.76
Grèce	2004	Part_des_sièges_occupés_par_des_femmes_dans_les_parlements_nationaux	14.0%	0.72
Canada	2003	Part_des_sièges_occupés_par_des_femmes_dans_les_parlements_nationaux	20.6%	0.588
Nouvelle-Zélande	2015	Part_des_sièges_occupés_par_des_femmes_dans_les_parlements_nationaux	31.4%	0.372
Chili	2000	Part_des_sièges_occupés_par_des_femmes_dans_les_parlements_nationaux	10.8%	0.784
Chili	2010	Part_des_sièges_occupés_par_des_femmes_dans_les_parlements_nationaux	14.2%	0.716
Estonie	2014	Part_des_sièges_occupés_par_des_femmes_dans_les_parlements_nationaux	19.0%	0.62
République tchèque	2000	Part_des_sièges_occupés_par_des_femmes_dans_les_parlements_nationaux	15.0%	0.7
Pologne	2001	Part_des_sièges_occupés_par_des_femmes_dans_les_parlements_nationaux	20.2%	0.596
Espagne	2013	Part_des_sièges_occupés_par_des_femmes_dans_les_parlements_nationaux	36.0%	0.28
Islande	2002	Part_des_sièges_occupés_par_des_femmes_dans_les_parlements_nationaux	34.9%	0.302
Russie	2000	Part_des_sièges_occupés_par_des_femmes_dans_les_parlements_nationaux	7.7%	0.846
Mexique	2004	Part_des_sièges_occupés_par_des_femmes_dans_les_parlements_nationaux	22.6%	0.548
Norvège	2005	Part_des_sièges_occupés_par_des_femmes_dans_les_parlements_nationaux	37.9%	0.242
Suisse	2004	Part_des_sièges_occupés_par_des_femmes_dans_les_parlements_nationaux	25.0%	0.5
Suisse	2013	Part_des_sièges_occupés_par_des_femmes_dans_les_parlements_nationaux	31.0%	0.38
France	2011	Part_des_sièges_occupés_par_des_femmes_dans_les_parlements_nationaux	18.9%	0.622
Pologne	2006	Part_des_sièges_occupés_par_des_femmes_dans_les_parlements_nationaux	20.4%	0.592
Afrique du Sud	2003	Part_des_sièges_occupés_par_des_femmes_dans_les_parlements_nationaux	29.8%	0.404
République slovaque	2012	Part_des_sièges_occupés_par_des_femmes_dans_les_parlements_nationaux	18.7%	0.626
Islande	2015	Part_des_sièges_occupés_par_des_femmes_dans_les_parlements_nationaux	41.3%	0.174
Estonie	2010	Part_des_sièges_occupés_par_des_femmes_dans_les_parlements_nationaux	22.8%	0.544
Australie	2008	Part_des_sièges_occupés_par_des_femmes_dans_les_parlements_nationaux	26.7%	0.466
Colombie	2014	Part_des_sièges_occupés_par_des_femmes_dans_les_parlements_nationaux	19.9%	0.602
Chili	2015	Part_des_sièges_occupés_par_des_femmes_dans_les_parlements_nationaux	15.8%	0.684
Canada	2004	Part_des_sièges_occupés_par_des_femmes_dans_les_parlements_nationaux	21.1%	0.578
Russie	2010	Part_des_sièges_occupés_par_des_femmes_dans_les_parlements_nationaux	14.0%	0.72
Israël	2010	Part_des_sièges_occupés_par_des_femmes_dans_les_parlements_nationaux	19.2%	0.616
Luxembourg	2015	Part_des_sièges_occupés_par_des_femmes_dans_les_parlements_nationaux	28.3%	0.434
Allemagne	2013	Part_des_sièges_occupés_par_des_femmes_dans_les_parlements_nationaux	36.5%	0.27
Danemark	2002	Part_des_sièges_occupés_par_des_femmes_dans_les_parlements_nationaux	38.0%	0.24
Hongrie	2010	Part_des_sièges_occupés_par_des_femmes_dans_les_parlements_nationaux	9.1%	0.818
États-Unis	2007	Part_des_sièges_occupés_par_des_femmes_dans_les_parlements_nationaux	16.8%	0.664
Belgique	2012	Part_des_sièges_occupés_par_des_femmes_dans_les_parlements_nationaux	38.0%	0.24
Japon	2007	Part_des_sièges_occupés_par_des_femmes_dans_les_parlements_nationaux	9.4%	0.812
France	2009	Part_des_sièges_occupés_par_des_femmes_dans_les_parlements_nationaux	18.9%	0.622
Chili	2001	Part_des_sièges_occupés_par_des_femmes_dans_les_parlements_nationaux	10.8%	0.784
Afrique du Sud	2014	Part_des_sièges_occupés_par_des_femmes_dans_les_parlements_nationaux	41.5%	0.17
Islande	2000	Part_des_sièges_occupés_par_des_femmes_dans_les_parlements_nationaux	34.9%	0.302
Islande	2006	Part_des_sièges_occupés_par_des_femmes_dans_les_parlements_nationaux	33.3%	0.334
Pays-Bas	2006	Part_des_sièges_occupés_par_des_femmes_dans_les_parlements_nationaux	36.7%	0.266
Norvège	2001	Part_des_sièges_occupés_par_des_femmes_dans_les_parlements_nationaux	35.8%	0.284
Luxembourg	2014	Part_des_sièges_occupés_par_des_femmes_dans_les_parlements_nationaux	28.3%	0.434
Autriche	2015	Part_des_sièges_occupés_par_des_femmes_dans_les_parlements_nationaux	30.6%	0.388
Israël	2002	Part_des_sièges_occupés_par_des_femmes_dans_les_parlements_nationaux	14.2%	0.716
Nouvelle-Zélande	2011	Part_des_sièges_occupés_par_des_femmes_dans_les_parlements_nationaux	32.2%	0.356
Afrique du Sud	2005	Part_des_sièges_occupés_par_des_femmes_dans_les_parlements_nationaux	32.8%	0.344
Canada	2014	Part_des_sièges_occupés_par_des_femmes_dans_les_parlements_nationaux	25.1%	0.498
Nouvelle-Zélande	2014	Part_des_sièges_occupés_par_des_femmes_dans_les_parlements_nationaux	29.8%	0.404
Lituanie	2010	Part_des_sièges_occupés_par_des_femmes_dans_les_parlements_nationaux	19.1%	0.618
Indonésie	2004	Part_des_sièges_occupés_par_des_femmes_dans_les_parlements_nationaux	11.3%	0.774
Royaume-Uni	2003	Part_des_sièges_occupés_par_des_femmes_dans_les_parlements_nationaux	17.9%	0.642
Inde	2011	Part_des_sièges_occupés_par_des_femmes_dans_les_parlements_nationaux	11.0%	0.78
États-Unis	2009	Part_des_sièges_occupés_par_des_femmes_dans_les_parlements_nationaux	16.8%	0.664
Allemagne	2009	Part_des_sièges_occupés_par_des_femmes_dans_les_parlements_nationaux	32.8%	0.344
Corée	2001	Part_des_sièges_occupés_par_des_femmes_dans_les_parlements_nationaux	5.9%	0.882
République slovaque	2015	Part_des_sièges_occupés_par_des_femmes_dans_les_parlements_nationaux	18.7%	0.626
Chili	2014	Part_des_sièges_occupés_par_des_femmes_dans_les_parlements_nationaux	15.8%	0.684
Chine (République populaire de)	2010	Part_des_sièges_occupés_par_des_femmes_dans_les_parlements_nationaux	21.3%	0.574
Lettonie	2001	Part_des_sièges_occupés_par_des_femmes_dans_les_parlements_nationaux	17.0%	0.66
Espagne	2004	Part_des_sièges_occupés_par_des_femmes_dans_les_parlements_nationaux	36.0%	0.28
Irlande	2011	Part_des_sièges_occupés_par_des_femmes_dans_les_parlements_nationaux	15.1%	0.698
Australie	2010	Part_des_sièges_occupés_par_des_femmes_dans_les_parlements_nationaux	24.7%	0.506
Danemark	2005	Part_des_sièges_occupés_par_des_femmes_dans_les_parlements_nationaux	36.9%	0.262
Japon	2006	Part_des_sièges_occupés_par_des_femmes_dans_les_parlements_nationaux	9.4%	0.812
Inde	2007	Part_des_sièges_occupés_par_des_femmes_dans_les_parlements_nationaux	9.1%	0.818
Italie	2005	Part_des_sièges_occupés_par_des_femmes_dans_les_parlements_nationaux	11.5%	0.77
Espagne	2010	Part_des_sièges_occupés_par_des_femmes_dans_les_parlements_nationaux	36.6%	0.268
Suède	2014	Part_des_sièges_occupés_par_des_femmes_dans_les_parlements_nationaux	44.7%	0.106
Suisse	2005	Part_des_sièges_occupés_par_des_femmes_dans_les_parlements_nationaux	25.0%	0.5
Royaume-Uni	2000	Part_des_sièges_occupés_par_des_femmes_dans_les_parlements_nationaux	18.4%	0.632
Brésil	2011	Part_des_sièges_occupés_par_des_femmes_dans_les_parlements_nationaux	8.6%	0.828
Pays-Bas	2012	Part_des_sièges_occupés_par_des_femmes_dans_les_parlements_nationaux	38.7%	0.226
