Italie	2005	Taux_d'activité_par_sexe_et_groupe_d'âge	-22.8%	0.228
Italie	2000	Taux_d'activité_par_sexe_et_groupe_d'âge	-26.4%	0.264
Luxembourg	2000	Taux_d'activité_par_sexe_et_groupe_d'âge	-24.7%	0.247
Norvège	2015	Taux_d'activité_par_sexe_et_groupe_d'âge	-5.6%	0.056
Corée	2004	Taux_d'activité_par_sexe_et_groupe_d'âge	-25.1%	0.251
Indonésie	2012	Taux_d'activité_par_sexe_et_groupe_d'âge	-32.8%	0.328
Turquie	2011	Taux_d'activité_par_sexe_et_groupe_d'âge	-42.9%	0.429
Pays-Bas	2011	Taux_d'activité_par_sexe_et_groupe_d'âge	-11.9%	0.119
Espagne	2014	Taux_d'activité_par_sexe_et_groupe_d'âge	-12.1%	0.121
Allemagne	2007	Taux_d'activité_par_sexe_et_groupe_d'âge	-13.9%	0.139
Brésil	2014	Taux_d'activité_par_sexe_et_groupe_d'âge	-21.8%	0.218
Lettonie	2000	Taux_d'activité_par_sexe_et_groupe_d'âge	-15.0%	0.15
France	2011	Taux_d'activité_par_sexe_et_groupe_d'âge	-10.4%	0.104
Mexique	2013	Taux_d'activité_par_sexe_et_groupe_d'âge	-34.4%	0.344
Estonie	2000	Taux_d'activité_par_sexe_et_groupe_d'âge	-12.2%	0.122
Grèce	2001	Taux_d'activité_par_sexe_et_groupe_d'âge	-24.6%	0.246
Belgique	2002	Taux_d'activité_par_sexe_et_groupe_d'âge	-17.6%	0.176
Danemark	2006	Taux_d'activité_par_sexe_et_groupe_d'âge	-10.2%	0.102
Allemagne	2003	Taux_d'activité_par_sexe_et_groupe_d'âge	-15.3%	0.153
Hongrie	2000	Taux_d'activité_par_sexe_et_groupe_d'âge	-15.6%	0.156
Inde	2005	Taux_d'activité_par_sexe_et_groupe_d'âge	-45.5%	0.455
Russie	2007	Taux_d'activité_par_sexe_et_groupe_d'âge	-10.0%	0.1
Norvège	2013	Taux_d'activité_par_sexe_et_groupe_d'âge	-5.5%	0.055
Brésil	2001	Taux_d'activité_par_sexe_et_groupe_d'âge	-26.9%	0.269
Russie	2009	Taux_d'activité_par_sexe_et_groupe_d'âge	-10.9%	0.109
Israël	2005	Taux_d'activité_par_sexe_et_groupe_d'âge	-13.5%	0.135
Portugal	2009	Taux_d'activité_par_sexe_et_groupe_d'âge	-12.1%	0.121
Finlande	2002	Taux_d'activité_par_sexe_et_groupe_d'âge	-6.2%	0.062
Mexique	2006	Taux_d'activité_par_sexe_et_groupe_d'âge	-39.1%	0.391
Colombie	2003	Taux_d'activité_par_sexe_et_groupe_d'âge	-27.5%	0.275
Indonésie	2011	Taux_d'activité_par_sexe_et_groupe_d'âge	-34.1%	0.341
Costa Rica	2002	Taux_d'activité_par_sexe_et_groupe_d'âge	-37.2%	0.372
Irlande	2003	Taux_d'activité_par_sexe_et_groupe_d'âge	-21.6%	0.216
République tchèque	2011	Taux_d'activité_par_sexe_et_groupe_d'âge	-18.1%	0.181
République tchèque	2014	Taux_d'activité_par_sexe_et_groupe_d'âge	-17.3%	0.173
Afrique du Sud	2012	Taux_d'activité_par_sexe_et_groupe_d'âge	-15.2%	0.152
Costa Rica	2007	Taux_d'activité_par_sexe_et_groupe_d'âge	-34.0%	0.34
Hongrie	2006	Taux_d'activité_par_sexe_et_groupe_d'âge	-14.3%	0.143
Espagne	2001	Taux_d'activité_par_sexe_et_groupe_d'âge	-26.2%	0.262
Colombie	2009	Taux_d'activité_par_sexe_et_groupe_d'âge	-26.7%	0.267
Autriche	2003	Taux_d'activité_par_sexe_et_groupe_d'âge	-17.4%	0.174
Lettonie	2007	Taux_d'activité_par_sexe_et_groupe_d'âge	-16.0%	0.16
Royaume-Uni	2011	Taux_d'activité_par_sexe_et_groupe_d'âge	-12.9%	0.129
Luxembourg	2006	Taux_d'activité_par_sexe_et_groupe_d'âge	-11.0%	0.11
Canada	2000	Taux_d'activité_par_sexe_et_groupe_d'âge	-12.9%	0.129
Luxembourg	2011	Taux_d'activité_par_sexe_et_groupe_d'âge	-14.7%	0.147
Australie	2015	Taux_d'activité_par_sexe_et_groupe_d'âge	-12.1%	0.121
Norvège	2002	Taux_d'activité_par_sexe_et_groupe_d'âge	-7.6%	0.076
Allemagne	2009	Taux_d'activité_par_sexe_et_groupe_d'âge	-13.4%	0.134
Corée	2007	Taux_d'activité_par_sexe_et_groupe_d'âge	-23.7%	0.237
Pologne	2014	Taux_d'activité_par_sexe_et_groupe_d'âge	-16.2%	0.162
Hongrie	2010	Taux_d'activité_par_sexe_et_groupe_d'âge	-12.6%	0.126
Lituanie	2007	Taux_d'activité_par_sexe_et_groupe_d'âge	-11.8%	0.118
Turquie	2006	Taux_d'activité_par_sexe_et_groupe_d'âge	-46.3%	0.463
Royaume-Uni	2010	Taux_d'activité_par_sexe_et_groupe_d'âge	-13.0%	0.13
Afrique du Sud	2002	Taux_d'activité_par_sexe_et_groupe_d'âge	-13.4%	0.134
Islande	2002	Taux_d'activité_par_sexe_et_groupe_d'âge	-8.8%	0.088
Chine (République populaire de)	2010	Taux_d'activité_par_sexe_et_groupe_d'âge	-14.5%	0.145
Slovénie	2000	Taux_d'activité_par_sexe_et_groupe_d'âge	-12.7%	0.127
Israël	2008	Taux_d'activité_par_sexe_et_groupe_d'âge	-13.6%	0.136
Grèce	2000	Taux_d'activité_par_sexe_et_groupe_d'âge	-24.4%	0.244
Chili	2002	Taux_d'activité_par_sexe_et_groupe_d'âge	-38.0%	0.38
Israël	2002	Taux_d'activité_par_sexe_et_groupe_d'âge	-15.2%	0.152
Chili	2014	Taux_d'activité_par_sexe_et_groupe_d'âge	-23.2%	0.232
Japon	2004	Taux_d'activité_par_sexe_et_groupe_d'âge	-25.1%	0.251
Lituanie	2009	Taux_d'activité_par_sexe_et_groupe_d'âge	-10.0%	0.1
Irlande	2007	Taux_d'activité_par_sexe_et_groupe_d'âge	-19.0%	0.19
Suisse	2013	Taux_d'activité_par_sexe_et_groupe_d'âge	-13.2%	0.132
Grèce	2010	Taux_d'activité_par_sexe_et_groupe_d'âge	-19.5%	0.195
Israël	2012	Taux_d'activité_par_sexe_et_groupe_d'âge	-11.2%	0.112
Belgique	2010	Taux_d'activité_par_sexe_et_groupe_d'âge	-13.1%	0.131
Turquie	2014	Taux_d'activité_par_sexe_et_groupe_d'âge	-41.0%	0.41
États-Unis	2011	Taux_d'activité_par_sexe_et_groupe_d'âge	-12.4%	0.124
Corée	2015	Taux_d'activité_par_sexe_et_groupe_d'âge	-22.0%	0.22
États-Unis	2013	Taux_d'activité_par_sexe_et_groupe_d'âge	-12.5%	0.125
Estonie	2005	Taux_d'activité_par_sexe_et_groupe_d'âge	-7.6%	0.076
République tchèque	2008	Taux_d'activité_par_sexe_et_groupe_d'âge	-18.9%	0.189
Italie	2010	Taux_d'activité_par_sexe_et_groupe_d'âge	-21.2%	0.212
Grèce	2013	Taux_d'activité_par_sexe_et_groupe_d'âge	-17.1%	0.171
République slovaque	2007	Taux_d'activité_par_sexe_et_groupe_d'âge	-17.2%	0.172
Autriche	2000	Taux_d'activité_par_sexe_et_groupe_d'âge	-19.9%	0.199
Grèce	2008	Taux_d'activité_par_sexe_et_groupe_d'âge	-21.8%	0.218
Russie	2006	Taux_d'activité_par_sexe_et_groupe_d'âge	-9.3%	0.093
Autriche	2015	Taux_d'activité_par_sexe_et_groupe_d'âge	-11.0%	0.11
Lettonie	2008	Taux_d'activité_par_sexe_et_groupe_d'âge	-14.6%	0.146
Moyenne OCDE	2008	Taux_d'activité_par_sexe_et_groupe_d'âge	-19.6%	0.196
Suède	2003	Taux_d'activité_par_sexe_et_groupe_d'âge	-5.8%	0.058
Danemark	2002	Taux_d'activité_par_sexe_et_groupe_d'âge	-11.0%	0.11
Lituanie	2001	Taux_d'activité_par_sexe_et_groupe_d'âge	-12.1%	0.121
Suisse	2014	Taux_d'activité_par_sexe_et_groupe_d'âge	-12.4%	0.124
Afrique du Sud	2004	Taux_d'activité_par_sexe_et_groupe_d'âge	-14.6%	0.146
Danemark	2007	Taux_d'activité_par_sexe_et_groupe_d'âge	-10.2%	0.102
Turquie	2009	Taux_d'activité_par_sexe_et_groupe_d'âge	-44.5%	0.445
Autriche	2007	Taux_d'activité_par_sexe_et_groupe_d'âge	-14.8%	0.148
Suède	2012	Taux_d'activité_par_sexe_et_groupe_d'âge	-5.6%	0.056
Norvège	2010	Taux_d'activité_par_sexe_et_groupe_d'âge	-6.3%	0.063
Royaume-Uni	2006	Taux_d'activité_par_sexe_et_groupe_d'âge	-14.1%	0.141
Irlande	2001	Taux_d'activité_par_sexe_et_groupe_d'âge	-23.5%	0.235
Mexique	2004	Taux_d'activité_par_sexe_et_groupe_d'âge	-40.2%	0.402
Israël	2015	Taux_d'activité_par_sexe_et_groupe_d'âge	-10.2%	0.102
Lituanie	2008	Taux_d'activité_par_sexe_et_groupe_d'âge	-11.7%	0.117
République slovaque	2002	Taux_d'activité_par_sexe_et_groupe_d'âge	-15.7%	0.157
Brésil	2009	Taux_d'activité_par_sexe_et_groupe_d'âge	-22.3%	0.223
Espagne	2005	Taux_d'activité_par_sexe_et_groupe_d'âge	-22.0%	0.22
République tchèque	2013	Taux_d'activité_par_sexe_et_groupe_d'âge	-17.2%	0.172
Royaume-Uni	2000	Taux_d'activité_par_sexe_et_groupe_d'âge	-16.2%	0.162
États-Unis	2002	Taux_d'activité_par_sexe_et_groupe_d'âge	-14.5%	0.145
Luxembourg	2005	Taux_d'activité_par_sexe_et_groupe_d'âge	-18.8%	0.188
France	2001	Taux_d'activité_par_sexe_et_groupe_d'âge	-13.8%	0.138
Royaume-Uni	2009	Taux_d'activité_par_sexe_et_groupe_d'âge	-13.6%	0.136
Irlande	2008	Taux_d'activité_par_sexe_et_groupe_d'âge	-18.6%	0.186
Slovénie	2005	Taux_d'activité_par_sexe_et_groupe_d'âge	-13.1%	0.131
Portugal	2013	Taux_d'activité_par_sexe_et_groupe_d'âge	-11.0%	0.11
Inde	2006	Taux_d'activité_par_sexe_et_groupe_d'âge	-48.1%	0.481
Slovénie	2015	Taux_d'activité_par_sexe_et_groupe_d'âge	-11.0%	0.11
Russie	2000	Taux_d'activité_par_sexe_et_groupe_d'âge	-11.5%	0.115
Luxembourg	2013	Taux_d'activité_par_sexe_et_groupe_d'âge	-13.8%	0.138
Slovénie	2010	Taux_d'activité_par_sexe_et_groupe_d'âge	-12.0%	0.12
France	2003	Taux_d'activité_par_sexe_et_groupe_d'âge	-12.9%	0.129
Chili	2004	Taux_d'activité_par_sexe_et_groupe_d'âge	-34.4%	0.344
Chili	2003	Taux_d'activité_par_sexe_et_groupe_d'âge	-36.4%	0.364
Colombie	2012	Taux_d'activité_par_sexe_et_groupe_d'âge	-23.9%	0.239
Chili	2000	Taux_d'activité_par_sexe_et_groupe_d'âge	-38.4%	0.384
Suisse	2008	Taux_d'activité_par_sexe_et_groupe_d'âge	-14.2%	0.142
Chili	2006	Taux_d'activité_par_sexe_et_groupe_d'âge	-33.1%	0.331
Portugal	2002	Taux_d'activité_par_sexe_et_groupe_d'âge	-16.3%	0.163
Israël	2009	Taux_d'activité_par_sexe_et_groupe_d'âge	-11.9%	0.119
Estonie	2015	Taux_d'activité_par_sexe_et_groupe_d'âge	-9.2%	0.092
Japon	2011	Taux_d'activité_par_sexe_et_groupe_d'âge	-22.8%	0.228
Islande	2010	Taux_d'activité_par_sexe_et_groupe_d'âge	-6.8%	0.068
Finlande	2003	Taux_d'activité_par_sexe_et_groupe_d'âge	-6.7%	0.067
Chili	2005	Taux_d'activité_par_sexe_et_groupe_d'âge	-33.2%	0.332
Estonie	2003	Taux_d'activité_par_sexe_et_groupe_d'âge	-10.0%	0.1
Mexique	2002	Taux_d'activité_par_sexe_et_groupe_d'âge	-42.1%	0.421
Moyenne OCDE	2015	Taux_d'activité_par_sexe_et_groupe_d'âge	-17.3%	0.173
Australie	2002	Taux_d'activité_par_sexe_et_groupe_d'âge	-16.6%	0.166
États-Unis	2000	Taux_d'activité_par_sexe_et_groupe_d'âge	-14.9%	0.149
Inde	2012	Taux_d'activité_par_sexe_et_groupe_d'âge	-51.6%	0.516
Japon	2010	Taux_d'activité_par_sexe_et_groupe_d'âge	-23.1%	0.231
Islande	2001	Taux_d'activité_par_sexe_et_groupe_d'âge	-9.2%	0.092
Israël	2006	Taux_d'activité_par_sexe_et_groupe_d'âge	-13.7%	0.137
Israël	2000	Taux_d'activité_par_sexe_et_groupe_d'âge	-16.4%	0.164
Suède	2002	Taux_d'activité_par_sexe_et_groupe_d'âge	-6.1%	0.061
Turquie	2004	Taux_d'activité_par_sexe_et_groupe_d'âge	-47.0%	0.47
Costa Rica	2003	Taux_d'activité_par_sexe_et_groupe_d'âge	-36.9%	0.369
Danemark	2014	Taux_d'activité_par_sexe_et_groupe_d'âge	-8.3%	0.083
Lettonie	2004	Taux_d'activité_par_sexe_et_groupe_d'âge	-14.1%	0.141
Islande	2015	Taux_d'activité_par_sexe_et_groupe_d'âge	-6.4%	0.064
Finlande	2009	Taux_d'activité_par_sexe_et_groupe_d'âge	-3.9%	0.039
Suède	2011	Taux_d'activité_par_sexe_et_groupe_d'âge	-6.0%	0.06
Grèce	2006	Taux_d'activité_par_sexe_et_groupe_d'âge	-22.0%	0.22
Moyenne OCDE	2012	Taux_d'activité_par_sexe_et_groupe_d'âge	-18.0%	0.18
Pays-Bas	2008	Taux_d'activité_par_sexe_et_groupe_d'âge	-14.4%	0.144
Lituanie	2010	Taux_d'activité_par_sexe_et_groupe_d'âge	-9.5%	0.095
Autriche	2012	Taux_d'activité_par_sexe_et_groupe_d'âge	-11.9%	0.119
Suisse	2006	Taux_d'activité_par_sexe_et_groupe_d'âge	-15.6%	0.156
Mexique	2010	Taux_d'activité_par_sexe_et_groupe_d'âge	-36.2%	0.362
Allemagne	2002	Taux_d'activité_par_sexe_et_groupe_d'âge	-16.1%	0.161
Autriche	2006	Taux_d'activité_par_sexe_et_groupe_d'âge	-14.7%	0.147
Suisse	2009	Taux_d'activité_par_sexe_et_groupe_d'âge	-13.6%	0.136
Irlande	2010	Taux_d'activité_par_sexe_et_groupe_d'âge	-15.6%	0.156
Pologne	2001	Taux_d'activité_par_sexe_et_groupe_d'âge	-14.3%	0.143
Allemagne	2011	Taux_d'activité_par_sexe_et_groupe_d'âge	-12.6%	0.126
Suède	2010	Taux_d'activité_par_sexe_et_groupe_d'âge	-6.7%	0.067
Australie	2012	Taux_d'activité_par_sexe_et_groupe_d'âge	-13.0%	0.13
Lituanie	2015	Taux_d'activité_par_sexe_et_groupe_d'âge	-10.5%	0.105
Australie	2009	Taux_d'activité_par_sexe_et_groupe_d'âge	-13.6%	0.136
Grèce	2011	Taux_d'activité_par_sexe_et_groupe_d'âge	-18.4%	0.184
Royaume-Uni	2013	Taux_d'activité_par_sexe_et_groupe_d'âge	-12.1%	0.121
Autriche	2002	Taux_d'activité_par_sexe_et_groupe_d'âge	-18.0%	0.18
Belgique	2011	Taux_d'activité_par_sexe_et_groupe_d'âge	-12.7%	0.127
Royaume-Uni	2002	Taux_d'activité_par_sexe_et_groupe_d'âge	-15.1%	0.151
Corée	2001	Taux_d'activité_par_sexe_et_groupe_d'âge	-25.0%	0.25
Suisse	2001	Taux_d'activité_par_sexe_et_groupe_d'âge	-18.6%	0.186
Costa Rica	2008	Taux_d'activité_par_sexe_et_groupe_d'âge	-31.9%	0.319
Nouvelle-Zélande	2010	Taux_d'activité_par_sexe_et_groupe_d'âge	-12.4%	0.124
Lituanie	2011	Taux_d'activité_par_sexe_et_groupe_d'âge	-10.4%	0.104
Nouvelle-Zélande	2012	Taux_d'activité_par_sexe_et_groupe_d'âge	-11.3%	0.113
République tchèque	2002	Taux_d'activité_par_sexe_et_groupe_d'âge	-18.4%	0.184
Allemagne	2012	Taux_d'activité_par_sexe_et_groupe_d'âge	-12.4%	0.124
Pologne	2003	Taux_d'activité_par_sexe_et_groupe_d'âge	-14.2%	0.142
Nouvelle-Zélande	2009	Taux_d'activité_par_sexe_et_groupe_d'âge	-12.5%	0.125
Canada	2006	Taux_d'activité_par_sexe_et_groupe_d'âge	-10.4%	0.104
Lettonie	2002	Taux_d'activité_par_sexe_et_groupe_d'âge	-15.3%	0.153
États-Unis	2014	Taux_d'activité_par_sexe_et_groupe_d'âge	-12.2%	0.122
Russie	2005	Taux_d'activité_par_sexe_et_groupe_d'âge	-9.6%	0.096
Hongrie	2015	Taux_d'activité_par_sexe_et_groupe_d'âge	-14.0%	0.14
Luxembourg	2008	Taux_d'activité_par_sexe_et_groupe_d'âge	-16.0%	0.16
République slovaque	2012	Taux_d'activité_par_sexe_et_groupe_d'âge	-17.7%	0.177
Espagne	2009	Taux_d'activité_par_sexe_et_groupe_d'âge	-16.6%	0.166
Grèce	2015	Taux_d'activité_par_sexe_et_groupe_d'âge	-15.1%	0.151
Canada	2012	Taux_d'activité_par_sexe_et_groupe_d'âge	-8.9%	0.089
Autriche	2004	Taux_d'activité_par_sexe_et_groupe_d'âge	-15.7%	0.157
Slovénie	2009	Taux_d'activité_par_sexe_et_groupe_d'âge	-11.9%	0.119
Canada	2004	Taux_d'activité_par_sexe_et_groupe_d'âge	-11.2%	0.112
Afrique du Sud	2006	Taux_d'activité_par_sexe_et_groupe_d'âge	-12.9%	0.129
Costa Rica	2004	Taux_d'activité_par_sexe_et_groupe_d'âge	-37.9%	0.379
Mexique	2012	Taux_d'activité_par_sexe_et_groupe_d'âge	-34.8%	0.348
Pays-Bas	2014	Taux_d'activité_par_sexe_et_groupe_d'âge	-12.2%	0.122
Corée	2003	Taux_d'activité_par_sexe_et_groupe_d'âge	-25.7%	0.257
Costa Rica	2010	Taux_d'activité_par_sexe_et_groupe_d'âge	-29.5%	0.295
Norvège	2011	Taux_d'activité_par_sexe_et_groupe_d'âge	-5.4%	0.054
Espagne	2008	Taux_d'activité_par_sexe_et_groupe_d'âge	-18.6%	0.186
Turquie	2008	Taux_d'activité_par_sexe_et_groupe_d'âge	-45.6%	0.456
Grèce	2007	Taux_d'activité_par_sexe_et_groupe_d'âge	-21.8%	0.218
Australie	2003	Taux_d'activité_par_sexe_et_groupe_d'âge	-15.6%	0.156
Australie	2005	Taux_d'activité_par_sexe_et_groupe_d'âge	-15.1%	0.151
Afrique du Sud	2011	Taux_d'activité_par_sexe_et_groupe_d'âge	-14.9%	0.149
Pays-Bas	2015	Taux_d'activité_par_sexe_et_groupe_d'âge	-11.3%	0.113
Espagne	2011	Taux_d'activité_par_sexe_et_groupe_d'âge	-14.2%	0.142
Irlande	2000	Taux_d'activité_par_sexe_et_groupe_d'âge	-23.9%	0.239
Hongrie	2012	Taux_d'activité_par_sexe_et_groupe_d'âge	-12.7%	0.127
Slovénie	2008	Taux_d'activité_par_sexe_et_groupe_d'âge	-12.1%	0.121
Moyenne OCDE	2000	Taux_d'activité_par_sexe_et_groupe_d'âge	-22.2%	0.222
Chili	2013	Taux_d'activité_par_sexe_et_groupe_d'âge	-24.1%	0.241
Italie	2002	Taux_d'activité_par_sexe_et_groupe_d'âge	-25.2%	0.252
Canada	2015	Taux_d'activité_par_sexe_et_groupe_d'âge	-9.4%	0.094
Nouvelle-Zélande	2015	Taux_d'activité_par_sexe_et_groupe_d'âge	-10.9%	0.109
Suisse	2015	Taux_d'activité_par_sexe_et_groupe_d'âge	-11.7%	0.117
Brésil	2008	Taux_d'activité_par_sexe_et_groupe_d'âge	-22.9%	0.229
Afrique du Sud	2013	Taux_d'activité_par_sexe_et_groupe_d'âge	-14.3%	0.143
Costa Rica	2013	Taux_d'activité_par_sexe_et_groupe_d'âge	-25.8%	0.258
Portugal	2007	Taux_d'activité_par_sexe_et_groupe_d'âge	-13.2%	0.132
Autriche	2010	Taux_d'activité_par_sexe_et_groupe_d'âge	-12.9%	0.129
Russie	2015	Taux_d'activité_par_sexe_et_groupe_d'âge	-12.1%	0.121
République slovaque	2003	Taux_d'activité_par_sexe_et_groupe_d'âge	-15.4%	0.154
Afrique du Sud	2003	Taux_d'activité_par_sexe_et_groupe_d'âge	-13.8%	0.138
Russie	2003	Taux_d'activité_par_sexe_et_groupe_d'âge	-9.9%	0.099
Espagne	2002	Taux_d'activité_par_sexe_et_groupe_d'âge	-24.4%	0.244
Suède	2004	Taux_d'activité_par_sexe_et_groupe_d'âge	-5.7%	0.057
Pays-Bas	2007	Taux_d'activité_par_sexe_et_groupe_d'âge	-14.6%	0.146
Japon	2013	Taux_d'activité_par_sexe_et_groupe_d'âge	-21.7%	0.217
Portugal	2014	Taux_d'activité_par_sexe_et_groupe_d'âge	-10.7%	0.107
France	2009	Taux_d'activité_par_sexe_et_groupe_d'âge	-10.8%	0.108
Suisse	2007	Taux_d'activité_par_sexe_et_groupe_d'âge	-15.9%	0.159
Hongrie	2003	Taux_d'activité_par_sexe_et_groupe_d'âge	-14.5%	0.145
Hongrie	2009	Taux_d'activité_par_sexe_et_groupe_d'âge	-13.7%	0.137
Suisse	2004	Taux_d'activité_par_sexe_et_groupe_d'âge	-16.9%	0.169
République slovaque	2000	Taux_d'activité_par_sexe_et_groupe_d'âge	-15.6%	0.156
Suède	2015	Taux_d'activité_par_sexe_et_groupe_d'âge	-4.9%	0.049
Portugal	2010	Taux_d'activité_par_sexe_et_groupe_d'âge	-11.3%	0.113
France	2000	Taux_d'activité_par_sexe_et_groupe_d'âge	-13.8%	0.138
République slovaque	2005	Taux_d'activité_par_sexe_et_groupe_d'âge	-17.0%	0.17
République tchèque	2001	Taux_d'activité_par_sexe_et_groupe_d'âge	-18.1%	0.181
Japon	2012	Taux_d'activité_par_sexe_et_groupe_d'âge	-22.5%	0.225
Pays-Bas	2000	Taux_d'activité_par_sexe_et_groupe_d'âge	-19.0%	0.19
Suisse	2003	Taux_d'activité_par_sexe_et_groupe_d'âge	-17.3%	0.173
Moyenne OCDE	2006	Taux_d'activité_par_sexe_et_groupe_d'âge	-20.2%	0.202
Finlande	2011	Taux_d'activité_par_sexe_et_groupe_d'âge	-6.1%	0.061
Hongrie	2002	Taux_d'activité_par_sexe_et_groupe_d'âge	-15.0%	0.15
Portugal	2011	Taux_d'activité_par_sexe_et_groupe_d'âge	-12.5%	0.125
Danemark	2005	Taux_d'activité_par_sexe_et_groupe_d'âge	-10.7%	0.107
France	2015	Taux_d'activité_par_sexe_et_groupe_d'âge	-9.3%	0.093
France	2010	Taux_d'activité_par_sexe_et_groupe_d'âge	-10.5%	0.105
Italie	2012	Taux_d'activité_par_sexe_et_groupe_d'âge	-19.8%	0.198
Portugal	2001	Taux_d'activité_par_sexe_et_groupe_d'âge	-16.7%	0.167
Indonésie	2013	Taux_d'activité_par_sexe_et_groupe_d'âge	-33.1%	0.331
Belgique	2009	Taux_d'activité_par_sexe_et_groupe_d'âge	-13.4%	0.134
République slovaque	2010	Taux_d'activité_par_sexe_et_groupe_d'âge	-16.7%	0.167
Espagne	2013	Taux_d'activité_par_sexe_et_groupe_d'âge	-12.5%	0.125
République tchèque	2010	Taux_d'activité_par_sexe_et_groupe_d'âge	-18.7%	0.187
Brésil	2004	Taux_d'activité_par_sexe_et_groupe_d'âge	-24.2%	0.242
Finlande	2005	Taux_d'activité_par_sexe_et_groupe_d'âge	-5.3%	0.053
Espagne	2010	Taux_d'activité_par_sexe_et_groupe_d'âge	-15.5%	0.155
Japon	2015	Taux_d'activité_par_sexe_et_groupe_d'âge	-20.7%	0.207
Grèce	2012	Taux_d'activité_par_sexe_et_groupe_d'âge	-17.3%	0.173
États-Unis	2007	Taux_d'activité_par_sexe_et_groupe_d'âge	-13.9%	0.139
Slovénie	2014	Taux_d'activité_par_sexe_et_groupe_d'âge	-11.1%	0.111
Costa Rica	2015	Taux_d'activité_par_sexe_et_groupe_d'âge	-26.2%	0.262
Chili	2008	Taux_d'activité_par_sexe_et_groupe_d'âge	-30.9%	0.309
Pays-Bas	2001	Taux_d'activité_par_sexe_et_groupe_d'âge	-18.7%	0.187
États-Unis	2005	Taux_d'activité_par_sexe_et_groupe_d'âge	-14.0%	0.14
Costa Rica	2012	Taux_d'activité_par_sexe_et_groupe_d'âge	-26.4%	0.264
Estonie	2012	Taux_d'activité_par_sexe_et_groupe_d'âge	-9.2%	0.092
Allemagne	2005	Taux_d'activité_par_sexe_et_groupe_d'âge	-15.2%	0.152
République slovaque	2006	Taux_d'activité_par_sexe_et_groupe_d'âge	-17.4%	0.174
Luxembourg	2007	Taux_d'activité_par_sexe_et_groupe_d'âge	-10.9%	0.109
Australie	2011	Taux_d'activité_par_sexe_et_groupe_d'âge	-13.3%	0.133
Brésil	2011	Taux_d'activité_par_sexe_et_groupe_d'âge	-23.3%	0.233
Lettonie	2014	Taux_d'activité_par_sexe_et_groupe_d'âge	-13.1%	0.131
Afrique du Sud	2001	Taux_d'activité_par_sexe_et_groupe_d'âge	-13.1%	0.131
Belgique	2006	Taux_d'activité_par_sexe_et_groupe_d'âge	-15.1%	0.151
Nouvelle-Zélande	2014	Taux_d'activité_par_sexe_et_groupe_d'âge	-10.9%	0.109
République tchèque	2004	Taux_d'activité_par_sexe_et_groupe_d'âge	-17.9%	0.179
Luxembourg	2010	Taux_d'activité_par_sexe_et_groupe_d'âge	-16.0%	0.16
Israël	2013	Taux_d'activité_par_sexe_et_groupe_d'âge	-11.2%	0.112
Norvège	2009	Taux_d'activité_par_sexe_et_groupe_d'âge	-5.8%	0.058
Royaume-Uni	2014	Taux_d'activité_par_sexe_et_groupe_d'âge	-11.6%	0.116
République slovaque	2008	Taux_d'activité_par_sexe_et_groupe_d'âge	-17.2%	0.172
Mexique	2009	Taux_d'activité_par_sexe_et_groupe_d'âge	-36.7%	0.367
Lituanie	2003	Taux_d'activité_par_sexe_et_groupe_d'âge	-11.8%	0.118
Moyenne OCDE	2011	Taux_d'activité_par_sexe_et_groupe_d'âge	-18.3%	0.183
France	2004	Taux_d'activité_par_sexe_et_groupe_d'âge	-12.6%	0.126
Costa Rica	2001	Taux_d'activité_par_sexe_et_groupe_d'âge	-37.6%	0.376
Belgique	2004	Taux_d'activité_par_sexe_et_groupe_d'âge	-16.6%	0.166
Royaume-Uni	2015	Taux_d'activité_par_sexe_et_groupe_d'âge	-11.2%	0.112
Allemagne	2010	Taux_d'activité_par_sexe_et_groupe_d'âge	-13.0%	0.13
États-Unis	2015	Taux_d'activité_par_sexe_et_groupe_d'âge	-12.4%	0.124
Australie	2007	Taux_d'activité_par_sexe_et_groupe_d'âge	-14.4%	0.144
Belgique	2003	Taux_d'activité_par_sexe_et_groupe_d'âge	-16.9%	0.169
Islande	2013	Taux_d'activité_par_sexe_et_groupe_d'âge	-5.7%	0.057
Corée	2008	Taux_d'activité_par_sexe_et_groupe_d'âge	-23.5%	0.235
Chili	2009	Taux_d'activité_par_sexe_et_groupe_d'âge	-29.7%	0.297
Canada	2003	Taux_d'activité_par_sexe_et_groupe_d'âge	-11.5%	0.115
Moyenne OCDE	2005	Taux_d'activité_par_sexe_et_groupe_d'âge	-20.5%	0.205
Belgique	2008	Taux_d'activité_par_sexe_et_groupe_d'âge	-13.9%	0.139
Colombie	2010	Taux_d'activité_par_sexe_et_groupe_d'âge	-25.3%	0.253
Hongrie	2014	Taux_d'activité_par_sexe_et_groupe_d'âge	-13.6%	0.136
Turquie	2015	Taux_d'activité_par_sexe_et_groupe_d'âge	-40.1%	0.401
Indonésie	2007	Taux_d'activité_par_sexe_et_groupe_d'âge	-33.5%	0.335
Lituanie	2006	Taux_d'activité_par_sexe_et_groupe_d'âge	-11.1%	0.111
Japon	2006	Taux_d'activité_par_sexe_et_groupe_d'âge	-24.8%	0.248
Australie	2008	Taux_d'activité_par_sexe_et_groupe_d'âge	-14.1%	0.141
Lettonie	2010	Taux_d'activité_par_sexe_et_groupe_d'âge	-11.1%	0.111
Turquie	2007	Taux_d'activité_par_sexe_et_groupe_d'âge	-46.2%	0.462
Norvège	2006	Taux_d'activité_par_sexe_et_groupe_d'âge	-7.3%	0.073
Israël	2010	Taux_d'activité_par_sexe_et_groupe_d'âge	-12.1%	0.121
Irlande	2004	Taux_d'activité_par_sexe_et_groupe_d'âge	-21.7%	0.217
Irlande	2006	Taux_d'activité_par_sexe_et_groupe_d'âge	-20.3%	0.203
Luxembourg	2001	Taux_d'activité_par_sexe_et_groupe_d'âge	-23.3%	0.233
Chili	2001	Taux_d'activité_par_sexe_et_groupe_d'âge	-38.5%	0.385
Brésil	2012	Taux_d'activité_par_sexe_et_groupe_d'âge	-23.0%	0.23
Norvège	2004	Taux_d'activité_par_sexe_et_groupe_d'âge	-7.6%	0.076
France	2013	Taux_d'activité_par_sexe_et_groupe_d'âge	-9.9%	0.099
Israël	2001	Taux_d'activité_par_sexe_et_groupe_d'âge	-15.8%	0.158
Danemark	2015	Taux_d'activité_par_sexe_et_groupe_d'âge	-8.9%	0.089
Finlande	2012	Taux_d'activité_par_sexe_et_groupe_d'âge	-5.3%	0.053
Canada	2005	Taux_d'activité_par_sexe_et_groupe_d'âge	-11.1%	0.111
Danemark	2010	Taux_d'activité_par_sexe_et_groupe_d'âge	-9.3%	0.093
Norvège	2003	Taux_d'activité_par_sexe_et_groupe_d'âge	-7.6%	0.076
Colombie	2011	Taux_d'activité_par_sexe_et_groupe_d'âge	-24.9%	0.249
Turquie	2000	Taux_d'activité_par_sexe_et_groupe_d'âge	-47.1%	0.471
Espagne	2006	Taux_d'activité_par_sexe_et_groupe_d'âge	-20.7%	0.207
Lettonie	2006	Taux_d'activité_par_sexe_et_groupe_d'âge	-15.4%	0.154
Moyenne OCDE	2001	Taux_d'activité_par_sexe_et_groupe_d'âge	-21.9%	0.219
États-Unis	2004	Taux_d'activité_par_sexe_et_groupe_d'âge	-14.1%	0.141
Norvège	2008	Taux_d'activité_par_sexe_et_groupe_d'âge	-6.4%	0.064
Costa Rica	2005	Taux_d'activité_par_sexe_et_groupe_d'âge	-35.0%	0.35
Suède	2007	Taux_d'activité_par_sexe_et_groupe_d'âge	-5.6%	0.056
Allemagne	2001	Taux_d'activité_par_sexe_et_groupe_d'âge	-17.0%	0.17
Belgique	2012	Taux_d'activité_par_sexe_et_groupe_d'âge	-12.6%	0.126
Moyenne OCDE	2002	Taux_d'activité_par_sexe_et_groupe_d'âge	-21.4%	0.214
Danemark	2000	Taux_d'activité_par_sexe_et_groupe_d'âge	-11.1%	0.111
Israël	2004	Taux_d'activité_par_sexe_et_groupe_d'âge	-14.0%	0.14
Turquie	2001	Taux_d'activité_par_sexe_et_groupe_d'âge	-45.8%	0.458
Irlande	2009	Taux_d'activité_par_sexe_et_groupe_d'âge	-17.1%	0.171
Lettonie	2015	Taux_d'activité_par_sexe_et_groupe_d'âge	-13.3%	0.133
Suède	2005	Taux_d'activité_par_sexe_et_groupe_d'âge	-6.4%	0.064
Australie	2006	Taux_d'activité_par_sexe_et_groupe_d'âge	-14.7%	0.147
Danemark	2009	Taux_d'activité_par_sexe_et_groupe_d'âge	-9.6%	0.096
Japon	2007	Taux_d'activité_par_sexe_et_groupe_d'âge	-24.6%	0.246
Mexique	2007	Taux_d'activité_par_sexe_et_groupe_d'âge	-38.0%	0.38
Chine (République populaire de)	2000	Taux_d'activité_par_sexe_et_groupe_d'âge	-12.3%	0.123
Brésil	2003	Taux_d'activité_par_sexe_et_groupe_d'âge	-24.8%	0.248
Finlande	2000	Taux_d'activité_par_sexe_et_groupe_d'âge	-7.2%	0.072
France	2014	Taux_d'activité_par_sexe_et_groupe_d'âge	-9.4%	0.094
France	2012	Taux_d'activité_par_sexe_et_groupe_d'âge	-10.3%	0.103
Australie	2004	Taux_d'activité_par_sexe_et_groupe_d'âge	-15.8%	0.158
Portugal	2000	Taux_d'activité_par_sexe_et_groupe_d'âge	-16.9%	0.169
Italie	2013	Taux_d'activité_par_sexe_et_groupe_d'âge	-19.2%	0.192
Canada	2008	Taux_d'activité_par_sexe_et_groupe_d'âge	-10.1%	0.101
Norvège	2012	Taux_d'activité_par_sexe_et_groupe_d'âge	-5.8%	0.058
Finlande	2004	Taux_d'activité_par_sexe_et_groupe_d'âge	-6.3%	0.063
Chili	2015	Taux_d'activité_par_sexe_et_groupe_d'âge	-23.3%	0.233
Espagne	2003	Taux_d'activité_par_sexe_et_groupe_d'âge	-23.5%	0.235
Finlande	2014	Taux_d'activité_par_sexe_et_groupe_d'âge	-4.9%	0.049
Afrique du Sud	2008	Taux_d'activité_par_sexe_et_groupe_d'âge	-16.5%	0.165
Russie	2012	Taux_d'activité_par_sexe_et_groupe_d'âge	-11.4%	0.114
Israël	2007	Taux_d'activité_par_sexe_et_groupe_d'âge	-13.6%	0.136
Finlande	2010	Taux_d'activité_par_sexe_et_groupe_d'âge	-5.7%	0.057
Grèce	2009	Taux_d'activité_par_sexe_et_groupe_d'âge	-20.5%	0.205
République tchèque	2005	Taux_d'activité_par_sexe_et_groupe_d'âge	-18.1%	0.181
Mexique	2014	Taux_d'activité_par_sexe_et_groupe_d'âge	-34.9%	0.349
Corée	2006	Taux_d'activité_par_sexe_et_groupe_d'âge	-23.9%	0.239
Danemark	2001	Taux_d'activité_par_sexe_et_groupe_d'âge	-11.1%	0.111
Royaume-Uni	2003	Taux_d'activité_par_sexe_et_groupe_d'âge	-15.6%	0.156
Inde	2000	Taux_d'activité_par_sexe_et_groupe_d'âge	-48.1%	0.481
Chili	2007	Taux_d'activité_par_sexe_et_groupe_d'âge	-32.3%	0.323
Hongrie	2011	Taux_d'activité_par_sexe_et_groupe_d'âge	-12.8%	0.128
Islande	2012	Taux_d'activité_par_sexe_et_groupe_d'âge	-5.4%	0.054
République tchèque	2007	Taux_d'activité_par_sexe_et_groupe_d'âge	-18.5%	0.185
Italie	2014	Taux_d'activité_par_sexe_et_groupe_d'âge	-18.9%	0.189
France	2006	Taux_d'activité_par_sexe_et_groupe_d'âge	-11.8%	0.118
Lettonie	2012	Taux_d'activité_par_sexe_et_groupe_d'âge	-12.1%	0.121
Slovénie	2006	Taux_d'activité_par_sexe_et_groupe_d'âge	-12.4%	0.124
Turquie	2013	Taux_d'activité_par_sexe_et_groupe_d'âge	-40.7%	0.407
Suisse	2011	Taux_d'activité_par_sexe_et_groupe_d'âge	-14.7%	0.147
Turquie	2002	Taux_d'activité_par_sexe_et_groupe_d'âge	-43.7%	0.437
Autriche	2005	Taux_d'activité_par_sexe_et_groupe_d'âge	-15.1%	0.151
Lituanie	2005	Taux_d'activité_par_sexe_et_groupe_d'âge	-12.1%	0.121
Danemark	2008	Taux_d'activité_par_sexe_et_groupe_d'âge	-10.3%	0.103
Luxembourg	2004	Taux_d'activité_par_sexe_et_groupe_d'âge	-19.5%	0.195
États-Unis	2012	Taux_d'activité_par_sexe_et_groupe_d'âge	-12.5%	0.125
Indonésie	2006	Taux_d'activité_par_sexe_et_groupe_d'âge	-36.1%	0.361
Brésil	2006	Taux_d'activité_par_sexe_et_groupe_d'âge	-23.0%	0.23
États-Unis	2009	Taux_d'activité_par_sexe_et_groupe_d'âge	-12.8%	0.128
Luxembourg	2003	Taux_d'activité_par_sexe_et_groupe_d'âge	-21.4%	0.214
Inde	2008	Taux_d'activité_par_sexe_et_groupe_d'âge	-51.0%	0.51
Islande	2004	Taux_d'activité_par_sexe_et_groupe_d'âge	-8.7%	0.087
Australie	2001	Taux_d'activité_par_sexe_et_groupe_d'âge	-16.9%	0.169
Moyenne OCDE	2013	Taux_d'activité_par_sexe_et_groupe_d'âge	-17.6%	0.176
Irlande	2005	Taux_d'activité_par_sexe_et_groupe_d'âge	-20.6%	0.206
Finlande	2008	Taux_d'activité_par_sexe_et_groupe_d'âge	-5.7%	0.057
Slovénie	2013	Taux_d'activité_par_sexe_et_groupe_d'âge	-11.5%	0.115
Pologne	2007	Taux_d'activité_par_sexe_et_groupe_d'âge	-15.6%	0.156
Suède	2008	Taux_d'activité_par_sexe_et_groupe_d'âge	-5.8%	0.058
République tchèque	2003	Taux_d'activité_par_sexe_et_groupe_d'âge	-17.9%	0.179
Nouvelle-Zélande	2004	Taux_d'activité_par_sexe_et_groupe_d'âge	-14.7%	0.147
Corée	2000	Taux_d'activité_par_sexe_et_groupe_d'âge	-25.6%	0.256
Lettonie	2009	Taux_d'activité_par_sexe_et_groupe_d'âge	-12.5%	0.125
Canada	2009	Taux_d'activité_par_sexe_et_groupe_d'âge	-9.5%	0.095
Autriche	2013	Taux_d'activité_par_sexe_et_groupe_d'âge	-11.6%	0.116
Italie	2008	Taux_d'activité_par_sexe_et_groupe_d'âge	-22.0%	0.22
Suisse	2005	Taux_d'activité_par_sexe_et_groupe_d'âge	-15.8%	0.158
Suisse	2000	Taux_d'activité_par_sexe_et_groupe_d'âge	-20.2%	0.202
Nouvelle-Zélande	2001	Taux_d'activité_par_sexe_et_groupe_d'âge	-15.6%	0.156
Espagne	2000	Taux_d'activité_par_sexe_et_groupe_d'âge	-25.8%	0.258
Estonie	2008	Taux_d'activité_par_sexe_et_groupe_d'âge	-10.4%	0.104
Mexique	2003	Taux_d'activité_par_sexe_et_groupe_d'âge	-41.8%	0.418
Grèce	2005	Taux_d'activité_par_sexe_et_groupe_d'âge	-22.2%	0.222
Allemagne	2006	Taux_d'activité_par_sexe_et_groupe_d'âge	-14.4%	0.144
Japon	2009	Taux_d'activité_par_sexe_et_groupe_d'âge	-23.5%	0.235
Lituanie	2002	Taux_d'activité_par_sexe_et_groupe_d'âge	-12.3%	0.123
Brésil	2002	Taux_d'activité_par_sexe_et_groupe_d'âge	-25.5%	0.255
Autriche	2009	Taux_d'activité_par_sexe_et_groupe_d'âge	-13.3%	0.133
Finlande	2007	Taux_d'activité_par_sexe_et_groupe_d'âge	-5.2%	0.052
Irlande	2002	Taux_d'activité_par_sexe_et_groupe_d'âge	-22.0%	0.22
États-Unis	2003	Taux_d'activité_par_sexe_et_groupe_d'âge	-14.0%	0.14
Costa Rica	2009	Taux_d'activité_par_sexe_et_groupe_d'âge	-30.4%	0.304
Estonie	2013	Taux_d'activité_par_sexe_et_groupe_d'âge	-9.1%	0.091
Italie	2006	Taux_d'activité_par_sexe_et_groupe_d'âge	-22.6%	0.226
Suède	2006	Taux_d'activité_par_sexe_et_groupe_d'âge	-6.1%	0.061
Estonie	2014	Taux_d'activité_par_sexe_et_groupe_d'âge	-10.3%	0.103
Nouvelle-Zélande	2013	Taux_d'activité_par_sexe_et_groupe_d'âge	-10.9%	0.109
Italie	2009	Taux_d'activité_par_sexe_et_groupe_d'âge	-21.7%	0.217
Hongrie	2001	Taux_d'activité_par_sexe_et_groupe_d'âge	-15.5%	0.155
Irlande	2011	Taux_d'activité_par_sexe_et_groupe_d'âge	-15.0%	0.15
Lituanie	2000	Taux_d'activité_par_sexe_et_groupe_d'âge	-11.6%	0.116
Estonie	2010	Taux_d'activité_par_sexe_et_groupe_d'âge	-8.2%	0.082
Danemark	2004	Taux_d'activité_par_sexe_et_groupe_d'âge	-10.9%	0.109
Moyenne OCDE	2003	Taux_d'activité_par_sexe_et_groupe_d'âge	-21.0%	0.21
Colombie	2002	Taux_d'activité_par_sexe_et_groupe_d'âge	-28.4%	0.284
France	2008	Taux_d'activité_par_sexe_et_groupe_d'âge	-11.0%	0.11
Chili	2010	Taux_d'activité_par_sexe_et_groupe_d'âge	-26.8%	0.268
Italie	2001	Taux_d'activité_par_sexe_et_groupe_d'âge	-25.6%	0.256
Lettonie	2003	Taux_d'activité_par_sexe_et_groupe_d'âge	-14.6%	0.146
Costa Rica	2006	Taux_d'activité_par_sexe_et_groupe_d'âge	-34.5%	0.345
Lituanie	2012	Taux_d'activité_par_sexe_et_groupe_d'âge	-10.0%	0.1
République slovaque	2004	Taux_d'activité_par_sexe_et_groupe_d'âge	-15.8%	0.158
Estonie	2011	Taux_d'activité_par_sexe_et_groupe_d'âge	-8.6%	0.086
Colombie	2008	Taux_d'activité_par_sexe_et_groupe_d'âge	-28.3%	0.283
République tchèque	2015	Taux_d'activité_par_sexe_et_groupe_d'âge	-16.7%	0.167
Israël	2011	Taux_d'activité_par_sexe_et_groupe_d'âge	-12.2%	0.122
Costa Rica	2014	Taux_d'activité_par_sexe_et_groupe_d'âge	-26.9%	0.269
Allemagne	2014	Taux_d'activité_par_sexe_et_groupe_d'âge	-11.5%	0.115
Corée	2002	Taux_d'activité_par_sexe_et_groupe_d'âge	-25.2%	0.252
Irlande	2012	Taux_d'activité_par_sexe_et_groupe_d'âge	-15.0%	0.15
Turquie	2005	Taux_d'activité_par_sexe_et_groupe_d'âge	-47.3%	0.473
Lituanie	2004	Taux_d'activité_par_sexe_et_groupe_d'âge	-12.0%	0.12
Slovénie	2007	Taux_d'activité_par_sexe_et_groupe_d'âge	-13.1%	0.131
Pologne	2002	Taux_d'activité_par_sexe_et_groupe_d'âge	-14.3%	0.143
Pologne	2012	Taux_d'activité_par_sexe_et_groupe_d'âge	-16.2%	0.162
Mexique	2000	Taux_d'activité_par_sexe_et_groupe_d'âge	-42.9%	0.429
Pologne	2008	Taux_d'activité_par_sexe_et_groupe_d'âge	-16.1%	0.161
Hongrie	2007	Taux_d'activité_par_sexe_et_groupe_d'âge	-14.5%	0.145
République tchèque	2012	Taux_d'activité_par_sexe_et_groupe_d'âge	-17.7%	0.177
Lettonie	2013	Taux_d'activité_par_sexe_et_groupe_d'âge	-12.1%	0.121
Moyenne OCDE	2010	Taux_d'activité_par_sexe_et_groupe_d'âge	-18.6%	0.186
Suisse	2010	Taux_d'activité_par_sexe_et_groupe_d'âge	-14.4%	0.144
Pologne	2005	Taux_d'activité_par_sexe_et_groupe_d'âge	-15.1%	0.151
Portugal	2006	Taux_d'activité_par_sexe_et_groupe_d'âge	-13.8%	0.138
Belgique	2005	Taux_d'activité_par_sexe_et_groupe_d'âge	-15.7%	0.157
Royaume-Uni	2008	Taux_d'activité_par_sexe_et_groupe_d'âge	-14.2%	0.142
Moyenne OCDE	2014	Taux_d'activité_par_sexe_et_groupe_d'âge	-17.5%	0.175
Pays-Bas	2012	Taux_d'activité_par_sexe_et_groupe_d'âge	-11.6%	0.116
Pays-Bas	2005	Taux_d'activité_par_sexe_et_groupe_d'âge	-15.9%	0.159
Afrique du Sud	2014	Taux_d'activité_par_sexe_et_groupe_d'âge	-14.4%	0.144
Afrique du Sud	2009	Taux_d'activité_par_sexe_et_groupe_d'âge	-16.1%	0.161
Portugal	2012	Taux_d'activité_par_sexe_et_groupe_d'âge	-11.6%	0.116
Mexique	2015	Taux_d'activité_par_sexe_et_groupe_d'âge	-34.8%	0.348
Royaume-Uni	2012	Taux_d'activité_par_sexe_et_groupe_d'âge	-12.9%	0.129
Portugal	2004	Taux_d'activité_par_sexe_et_groupe_d'âge	-14.9%	0.149
Suède	2014	Taux_d'activité_par_sexe_et_groupe_d'âge	-5.6%	0.056
Hongrie	2008	Taux_d'activité_par_sexe_et_groupe_d'âge	-14.0%	0.14
Estonie	2002	Taux_d'activité_par_sexe_et_groupe_d'âge	-10.5%	0.105
Canada	2013	Taux_d'activité_par_sexe_et_groupe_d'âge	-8.7%	0.087
Pays-Bas	2010	Taux_d'activité_par_sexe_et_groupe_d'âge	-12.6%	0.126
Slovénie	2004	Taux_d'activité_par_sexe_et_groupe_d'âge	-13.4%	0.134
Suède	2001	Taux_d'activité_par_sexe_et_groupe_d'âge	-6.1%	0.061
Italie	2015	Taux_d'activité_par_sexe_et_groupe_d'âge	-19.4%	0.194
Lettonie	2001	Taux_d'activité_par_sexe_et_groupe_d'âge	-14.6%	0.146
Canada	2002	Taux_d'activité_par_sexe_et_groupe_d'âge	-12.1%	0.121
Pologne	2004	Taux_d'activité_par_sexe_et_groupe_d'âge	-14.5%	0.145
Nouvelle-Zélande	2006	Taux_d'activité_par_sexe_et_groupe_d'âge	-14.3%	0.143
Colombie	2005	Taux_d'activité_par_sexe_et_groupe_d'âge	-28.5%	0.285
Moyenne OCDE	2009	Taux_d'activité_par_sexe_et_groupe_d'âge	-19.0%	0.19
Estonie	2001	Taux_d'activité_par_sexe_et_groupe_d'âge	-11.3%	0.113
Slovénie	2002	Taux_d'activité_par_sexe_et_groupe_d'âge	-13.0%	0.13
Pays-Bas	2006	Taux_d'activité_par_sexe_et_groupe_d'âge	-15.1%	0.151
Pologne	2013	Taux_d'activité_par_sexe_et_groupe_d'âge	-16.2%	0.162
Norvège	2005	Taux_d'activité_par_sexe_et_groupe_d'âge	-7.5%	0.075
Grèce	2014	Taux_d'activité_par_sexe_et_groupe_d'âge	-16.0%	0.16
Allemagne	2013	Taux_d'activité_par_sexe_et_groupe_d'âge	-11.8%	0.118
Russie	2008	Taux_d'activité_par_sexe_et_groupe_d'âge	-11.1%	0.111
Irlande	2014	Taux_d'activité_par_sexe_et_groupe_d'âge	-15.1%	0.151
Turquie	2003	Taux_d'activité_par_sexe_et_groupe_d'âge	-43.8%	0.438
Danemark	2003	Taux_d'activité_par_sexe_et_groupe_d'âge	-11.6%	0.116
Belgique	2000	Taux_d'activité_par_sexe_et_groupe_d'âge	-18.1%	0.181
Luxembourg	2002	Taux_d'activité_par_sexe_et_groupe_d'âge	-23.0%	0.23
Japon	2014	Taux_d'activité_par_sexe_et_groupe_d'âge	-21.2%	0.212
Portugal	2015	Taux_d'activité_par_sexe_et_groupe_d'âge	-10.4%	0.104
Islande	2008	Taux_d'activité_par_sexe_et_groupe_d'âge	-9.4%	0.094
Italie	2007	Taux_d'activité_par_sexe_et_groupe_d'âge	-22.5%	0.225
Royaume-Uni	2001	Taux_d'activité_par_sexe_et_groupe_d'âge	-15.5%	0.155
Italie	2004	Taux_d'activité_par_sexe_et_groupe_d'âge	-22.8%	0.228
Islande	2000	Taux_d'activité_par_sexe_et_groupe_d'âge	-8.8%	0.088
Australie	2013	Taux_d'activité_par_sexe_et_groupe_d'âge	-12.8%	0.128
Italie	2003	Taux_d'activité_par_sexe_et_groupe_d'âge	-25.2%	0.252
Chili	2011	Taux_d'activité_par_sexe_et_groupe_d'âge	-25.3%	0.253
Corée	2013	Taux_d'activité_par_sexe_et_groupe_d'âge	-23.0%	0.23
Russie	2013	Taux_d'activité_par_sexe_et_groupe_d'âge	-11.7%	0.117
République slovaque	2009	Taux_d'activité_par_sexe_et_groupe_d'âge	-17.8%	0.178
Slovénie	2001	Taux_d'activité_par_sexe_et_groupe_d'âge	-13.2%	0.132
Chili	2012	Taux_d'activité_par_sexe_et_groupe_d'âge	-24.3%	0.243
Islande	2006	Taux_d'activité_par_sexe_et_groupe_d'âge	-9.3%	0.093
Russie	2014	Taux_d'activité_par_sexe_et_groupe_d'âge	-11.8%	0.118
Nouvelle-Zélande	2003	Taux_d'activité_par_sexe_et_groupe_d'âge	-14.4%	0.144
Nouvelle-Zélande	2000	Taux_d'activité_par_sexe_et_groupe_d'âge	-16.2%	0.162
États-Unis	2008	Taux_d'activité_par_sexe_et_groupe_d'âge	-13.5%	0.135
Nouvelle-Zélande	2007	Taux_d'activité_par_sexe_et_groupe_d'âge	-13.9%	0.139
Turquie	2010	Taux_d'activité_par_sexe_et_groupe_d'âge	-43.2%	0.432
Royaume-Uni	2005	Taux_d'activité_par_sexe_et_groupe_d'âge	-14.4%	0.144
Norvège	2000	Taux_d'activité_par_sexe_et_groupe_d'âge	-9.1%	0.091
Afrique du Sud	2007	Taux_d'activité_par_sexe_et_groupe_d'âge	-13.5%	0.135
Autriche	2014	Taux_d'activité_par_sexe_et_groupe_d'âge	-11.1%	0.111
Autriche	2011	Taux_d'activité_par_sexe_et_groupe_d'âge	-12.4%	0.124
Russie	2010	Taux_d'activité_par_sexe_et_groupe_d'âge	-11.6%	0.116
Corée	2009	Taux_d'activité_par_sexe_et_groupe_d'âge	-23.9%	0.239
Lettonie	2011	Taux_d'activité_par_sexe_et_groupe_d'âge	-12.2%	0.122
Hongrie	2004	Taux_d'activité_par_sexe_et_groupe_d'âge	-14.2%	0.142
Brésil	2005	Taux_d'activité_par_sexe_et_groupe_d'âge	-23.2%	0.232
Autriche	2001	Taux_d'activité_par_sexe_et_groupe_d'âge	-18.9%	0.189
Pays-Bas	2003	Taux_d'activité_par_sexe_et_groupe_d'âge	-17.5%	0.175
Grèce	2004	Taux_d'activité_par_sexe_et_groupe_d'âge	-22.4%	0.224
Espagne	2012	Taux_d'activité_par_sexe_et_groupe_d'âge	-13.1%	0.131
Islande	2009	Taux_d'activité_par_sexe_et_groupe_d'âge	-7.6%	0.076
Grèce	2003	Taux_d'activité_par_sexe_et_groupe_d'âge	-23.5%	0.235
Grèce	2002	Taux_d'activité_par_sexe_et_groupe_d'âge	-24.0%	0.24
Nouvelle-Zélande	2011	Taux_d'activité_par_sexe_et_groupe_d'âge	-12.1%	0.121
Colombie	2015	Taux_d'activité_par_sexe_et_groupe_d'âge	-23.0%	0.23
Russie	2011	Taux_d'activité_par_sexe_et_groupe_d'âge	-11.4%	0.114
Corée	2014	Taux_d'activité_par_sexe_et_groupe_d'âge	-22.7%	0.227
Slovénie	2012	Taux_d'activité_par_sexe_et_groupe_d'âge	-10.8%	0.108
Estonie	2004	Taux_d'activité_par_sexe_et_groupe_d'âge	-9.1%	0.091
Turquie	2012	Taux_d'activité_par_sexe_et_groupe_d'âge	-41.5%	0.415
Moyenne OCDE	2007	Taux_d'activité_par_sexe_et_groupe_d'âge	-20.0%	0.2
Belgique	2001	Taux_d'activité_par_sexe_et_groupe_d'âge	-18.6%	0.186
Colombie	2001	Taux_d'activité_par_sexe_et_groupe_d'âge	-29.1%	0.291
Israël	2014	Taux_d'activité_par_sexe_et_groupe_d'âge	-10.3%	0.103
Pays-Bas	2002	Taux_d'activité_par_sexe_et_groupe_d'âge	-17.9%	0.179
Nouvelle-Zélande	2008	Taux_d'activité_par_sexe_et_groupe_d'âge	-13.1%	0.131
République slovaque	2011	Taux_d'activité_par_sexe_et_groupe_d'âge	-17.9%	0.179
Allemagne	2000	Taux_d'activité_par_sexe_et_groupe_d'âge	-17.5%	0.175
Inde	2010	Taux_d'activité_par_sexe_et_groupe_d'âge	-50.7%	0.507
France	2005	Taux_d'activité_par_sexe_et_groupe_d'âge	-12.1%	0.121
Luxembourg	2014	Taux_d'activité_par_sexe_et_groupe_d'âge	-13.4%	0.134
États-Unis	2006	Taux_d'activité_par_sexe_et_groupe_d'âge	-14.1%	0.141
Mexique	2008	Taux_d'activité_par_sexe_et_groupe_d'âge	-37.5%	0.375
Japon	2000	Taux_d'activité_par_sexe_et_groupe_d'âge	-27.1%	0.271
Corée	2005	Taux_d'activité_par_sexe_et_groupe_d'âge	-24.5%	0.245
Afrique du Sud	2015	Taux_d'activité_par_sexe_et_groupe_d'âge	-14.4%	0.144
Colombie	2013	Taux_d'activité_par_sexe_et_groupe_d'âge	-23.5%	0.235
Brésil	2013	Taux_d'activité_par_sexe_et_groupe_d'âge	-22.7%	0.227
Indonésie	2008	Taux_d'activité_par_sexe_et_groupe_d'âge	-32.4%	0.324
Australie	2000	Taux_d'activité_par_sexe_et_groupe_d'âge	-17.6%	0.176
Danemark	2013	Taux_d'activité_par_sexe_et_groupe_d'âge	-7.6%	0.076
Costa Rica	2011	Taux_d'activité_par_sexe_et_groupe_d'âge	-29.4%	0.294
Luxembourg	2009	Taux_d'activité_par_sexe_et_groupe_d'âge	-16.7%	0.167
Islande	2007	Taux_d'activité_par_sexe_et_groupe_d'âge	-8.9%	0.089
République slovaque	2015	Taux_d'activité_par_sexe_et_groupe_d'âge	-16.0%	0.16
Russie	2002	Taux_d'activité_par_sexe_et_groupe_d'âge	-10.1%	0.101
Espagne	2007	Taux_d'activité_par_sexe_et_groupe_d'âge	-19.9%	0.199
République slovaque	2013	Taux_d'activité_par_sexe_et_groupe_d'âge	-17.1%	0.171
Pays-Bas	2004	Taux_d'activité_par_sexe_et_groupe_d'âge	-16.7%	0.167
Slovénie	2003	Taux_d'activité_par_sexe_et_groupe_d'âge	-13.5%	0.135
Afrique du Sud	2005	Taux_d'activité_par_sexe_et_groupe_d'âge	-13.9%	0.139
Autriche	2008	Taux_d'activité_par_sexe_et_groupe_d'âge	-14.1%	0.141
Norvège	2001	Taux_d'activité_par_sexe_et_groupe_d'âge	-8.5%	0.085
Canada	2007	Taux_d'activité_par_sexe_et_groupe_d'âge	-10.0%	0.1
Luxembourg	2012	Taux_d'activité_par_sexe_et_groupe_d'âge	-13.8%	0.138
États-Unis	2010	Taux_d'activité_par_sexe_et_groupe_d'âge	-12.6%	0.126
Portugal	2003	Taux_d'activité_par_sexe_et_groupe_d'âge	-15.3%	0.153
Luxembourg	2015	Taux_d'activité_par_sexe_et_groupe_d'âge	-10.8%	0.108
Russie	2001	Taux_d'activité_par_sexe_et_groupe_d'âge	-11.2%	0.112
Colombie	2007	Taux_d'activité_par_sexe_et_groupe_d'âge	-28.5%	0.285
Allemagne	2004	Taux_d'activité_par_sexe_et_groupe_d'âge	-15.0%	0.15
Corée	2011	Taux_d'activité_par_sexe_et_groupe_d'âge	-23.4%	0.234
Israël	2003	Taux_d'activité_par_sexe_et_groupe_d'âge	-14.0%	0.14
Canada	2014	Taux_d'activité_par_sexe_et_groupe_d'âge	-9.0%	0.09
Slovénie	2011	Taux_d'activité_par_sexe_et_groupe_d'âge	-11.4%	0.114
Royaume-Uni	2004	Taux_d'activité_par_sexe_et_groupe_d'âge	-14.7%	0.147
Danemark	2012	Taux_d'activité_par_sexe_et_groupe_d'âge	-8.3%	0.083
France	2007	Taux_d'activité_par_sexe_et_groupe_d'âge	-11.3%	0.113
Suisse	2002	Taux_d'activité_par_sexe_et_groupe_d'âge	-17.4%	0.174
Allemagne	2015	Taux_d'activité_par_sexe_et_groupe_d'âge	-11.2%	0.112
Corée	2012	Taux_d'activité_par_sexe_et_groupe_d'âge	-23.4%	0.234
Indonésie	2010	Taux_d'activité_par_sexe_et_groupe_d'âge	-32.0%	0.32
République slovaque	2001	Taux_d'activité_par_sexe_et_groupe_d'âge	-15.9%	0.159
Islande	2011	Taux_d'activité_par_sexe_et_groupe_d'âge	-6.7%	0.067
Canada	2010	Taux_d'activité_par_sexe_et_groupe_d'âge	-9.2%	0.092
Estonie	2007	Taux_d'activité_par_sexe_et_groupe_d'âge	-11.0%	0.11
Japon	2001	Taux_d'activité_par_sexe_et_groupe_d'âge	-26.5%	0.265
Estonie	2009	Taux_d'activité_par_sexe_et_groupe_d'âge	-9.6%	0.096
Japon	2008	Taux_d'activité_par_sexe_et_groupe_d'âge	-24.4%	0.244
Hongrie	2013	Taux_d'activité_par_sexe_et_groupe_d'âge	-13.4%	0.134
Suède	2013	Taux_d'activité_par_sexe_et_groupe_d'âge	-5.5%	0.055
Afrique du Sud	2010	Taux_d'activité_par_sexe_et_groupe_d'âge	-16.0%	0.16
Corée	2010	Taux_d'activité_par_sexe_et_groupe_d'âge	-23.5%	0.235
Allemagne	2008	Taux_d'activité_par_sexe_et_groupe_d'âge	-13.9%	0.139
Colombie	2004	Taux_d'activité_par_sexe_et_groupe_d'âge	-28.1%	0.281
Lettonie	2005	Taux_d'activité_par_sexe_et_groupe_d'âge	-14.9%	0.149
Australie	2010	Taux_d'activité_par_sexe_et_groupe_d'âge	-13.8%	0.138
Finlande	2013	Taux_d'activité_par_sexe_et_groupe_d'âge	-4.2%	0.042
Portugal	2005	Taux_d'activité_par_sexe_et_groupe_d'âge	-13.8%	0.138
Canada	2011	Taux_d'activité_par_sexe_et_groupe_d'âge	-9.2%	0.092
Australie	2014	Taux_d'activité_par_sexe_et_groupe_d'âge	-12.3%	0.123
Canada	2001	Taux_d'activité_par_sexe_et_groupe_d'âge	-12.5%	0.125
États-Unis	2001	Taux_d'activité_par_sexe_et_groupe_d'âge	-14.6%	0.146
Belgique	2007	Taux_d'activité_par_sexe_et_groupe_d'âge	-14.6%	0.146
Mexique	2001	Taux_d'activité_par_sexe_et_groupe_d'âge	-43.1%	0.431
Lituanie	2013	Taux_d'activité_par_sexe_et_groupe_d'âge	-11.2%	0.112
Royaume-Uni	2007	Taux_d'activité_par_sexe_et_groupe_d'âge	-14.4%	0.144
République tchèque	2009	Taux_d'activité_par_sexe_et_groupe_d'âge	-18.8%	0.188
Costa Rica	2000	Taux_d'activité_par_sexe_et_groupe_d'âge	-41.0%	0.41
Irlande	2013	Taux_d'activité_par_sexe_et_groupe_d'âge	-14.5%	0.145
Pays-Bas	2013	Taux_d'activité_par_sexe_et_groupe_d'âge	-11.7%	0.117
Finlande	2006	Taux_d'activité_par_sexe_et_groupe_d'âge	-5.6%	0.056
Islande	2014	Taux_d'activité_par_sexe_et_groupe_d'âge	-6.5%	0.065
Danemark	2011	Taux_d'activité_par_sexe_et_groupe_d'âge	-8.8%	0.088
Suède	2009	Taux_d'activité_par_sexe_et_groupe_d'âge	-5.9%	0.059
Pologne	2009	Taux_d'activité_par_sexe_et_groupe_d'âge	-16.1%	0.161
Pologne	2010	Taux_d'activité_par_sexe_et_groupe_d'âge	-16.1%	0.161
Pologne	2015	Taux_d'activité_par_sexe_et_groupe_d'âge	-16.2%	0.162
République tchèque	2000	Taux_d'activité_par_sexe_et_groupe_d'âge	-18.2%	0.182
Suède	2000	Taux_d'activité_par_sexe_et_groupe_d'âge	-6.8%	0.068
Brésil	2007	Taux_d'activité_par_sexe_et_groupe_d'âge	-22.7%	0.227
Finlande	2015	Taux_d'activité_par_sexe_et_groupe_d'âge	-4.6%	0.046
Suisse	2012	Taux_d'activité_par_sexe_et_groupe_d'âge	-14.3%	0.143
Japon	2002	Taux_d'activité_par_sexe_et_groupe_d'âge	-26.3%	0.263
Japon	2003	Taux_d'activité_par_sexe_et_groupe_d'âge	-25.8%	0.258
Norvège	2007	Taux_d'activité_par_sexe_et_groupe_d'âge	-6.5%	0.065
Pologne	2000	Taux_d'activité_par_sexe_et_groupe_d'âge	-14.4%	0.144
Islande	2005	Taux_d'activité_par_sexe_et_groupe_d'âge	-8.2%	0.082
Russie	2004	Taux_d'activité_par_sexe_et_groupe_d'âge	-9.7%	0.097
Indonésie	2009	Taux_d'activité_par_sexe_et_groupe_d'âge	-32.6%	0.326
Belgique	2014	Taux_d'activité_par_sexe_et_groupe_d'âge	-11.1%	0.111
Portugal	2008	Taux_d'activité_par_sexe_et_groupe_d'âge	-13.1%	0.131
Colombie	2014	Taux_d'activité_par_sexe_et_groupe_d'âge	-23.6%	0.236
Pays-Bas	2009	Taux_d'activité_par_sexe_et_groupe_d'âge	-13.6%	0.136
Belgique	2015	Taux_d'activité_par_sexe_et_groupe_d'âge	-10.9%	0.109
France	2002	Taux_d'activité_par_sexe_et_groupe_d'âge	-13.8%	0.138
Espagne	2004	Taux_d'activité_par_sexe_et_groupe_d'âge	-22.5%	0.225
Estonie	2006	Taux_d'activité_par_sexe_et_groupe_d'âge	-9.5%	0.095
Italie	2011	Taux_d'activité_par_sexe_et_groupe_d'âge	-20.6%	0.206
Lituanie	2014	Taux_d'activité_par_sexe_et_groupe_d'âge	-11.1%	0.111
Mexique	2011	Taux_d'activité_par_sexe_et_groupe_d'âge	-35.7%	0.357
Nouvelle-Zélande	2002	Taux_d'activité_par_sexe_et_groupe_d'âge	-15.5%	0.155
Hongrie	2005	Taux_d'activité_par_sexe_et_groupe_d'âge	-13.9%	0.139
Pologne	2011	Taux_d'activité_par_sexe_et_groupe_d'âge	-16.2%	0.162
Irlande	2015	Taux_d'activité_par_sexe_et_groupe_d'âge	-15.1%	0.151
Nouvelle-Zélande	2005	Taux_d'activité_par_sexe_et_groupe_d'âge	-14.2%	0.142
Moyenne OCDE	2004	Taux_d'activité_par_sexe_et_groupe_d'âge	-20.7%	0.207
Belgique	2013	Taux_d'activité_par_sexe_et_groupe_d'âge	-11.9%	0.119
Espagne	2015	Taux_d'activité_par_sexe_et_groupe_d'âge	-12.0%	0.12
République tchèque	2006	Taux_d'activité_par_sexe_et_groupe_d'âge	-17.9%	0.179
République slovaque	2014	Taux_d'activité_par_sexe_et_groupe_d'âge	-17.1%	0.171
Finlande	2001	Taux_d'activité_par_sexe_et_groupe_d'âge	-7.1%	0.071
Japon	2005	Taux_d'activité_par_sexe_et_groupe_d'âge	-24.9%	0.249
Norvège	2014	Taux_d'activité_par_sexe_et_groupe_d'âge	-5.3%	0.053
Mexique	2005	Taux_d'activité_par_sexe_et_groupe_d'âge	-39.2%	0.392
Pologne	2006	Taux_d'activité_par_sexe_et_groupe_d'âge	-15.5%	0.155
Islande	2003	Taux_d'activité_par_sexe_et_groupe_d'âge	-7.6%	0.076
