Danemark	2009	Part des travailleurs indépendants parmi les personnes  de moins de 30 ans ayant un emploi	-2.8%	0.02764
Luxembourg	2002	Part des travailleurs indépendants parmi les personnes  de moins de 30 ans ayant un emploi	-2.6%	0.02633
Canada	2004	Part des travailleurs indépendants parmi les personnes  de moins de 30 ans ayant un emploi	-1.8%	0.01761
Autriche	2006	Part des travailleurs indépendants parmi les personnes  de moins de 30 ans ayant un emploi	-2.3%	0.02271
Pologne	2014	Part des travailleurs indépendants parmi les personnes  de moins de 30 ans ayant un emploi	-4.2%	0.04212
Autriche	2002	Part des travailleurs indépendants parmi les personnes  de moins de 30 ans ayant un emploi	-2.4%	0.02409
Royaume-Uni	2005	Part des travailleurs indépendants parmi les personnes  de moins de 30 ans ayant un emploi	-5.2%	0.05173
États-Unis	2012	Part des travailleurs indépendants parmi les personnes  de moins de 30 ans ayant un emploi	-1.5%	0.01468
Allemagne	2014	Part des travailleurs indépendants parmi les personnes  de moins de 30 ans ayant un emploi	-1.2%	0.01199
Turquie	2008	Part des travailleurs indépendants parmi les personnes  de moins de 30 ans ayant un emploi	-7.7%	0.07743
Espagne	2010	Part des travailleurs indépendants parmi les personnes  de moins de 30 ans ayant un emploi	-3.0%	0.03039
Pays-Bas	2005	Part des travailleurs indépendants parmi les personnes  de moins de 30 ans ayant un emploi	-2.4%	0.02445
Pays-Bas	2008	Part des travailleurs indépendants parmi les personnes  de moins de 30 ans ayant un emploi	-2.2%	0.02226
Suède	2002	Part des travailleurs indépendants parmi les personnes  de moins de 30 ans ayant un emploi	-3.0%	0.03007
République tchèque	2000	Part des travailleurs indépendants parmi les personnes  de moins de 30 ans ayant un emploi	-6.7%	0.06719
Portugal	2013	Part des travailleurs indépendants parmi les personnes  de moins de 30 ans ayant un emploi	-0.7%	0.00729
Irlande	2011	Part des travailleurs indépendants parmi les personnes  de moins de 30 ans ayant un emploi	-2.8%	0.02849
Belgique	2013	Part des travailleurs indépendants parmi les personnes  de moins de 30 ans ayant un emploi	-2.8%	0.02782
Pologne	2004	Part des travailleurs indépendants parmi les personnes  de moins de 30 ans ayant un emploi	-3.5%	0.03527
Pologne	2009	Part des travailleurs indépendants parmi les personnes  de moins de 30 ans ayant un emploi	-3.7%	0.03656
Italie	2002	Part des travailleurs indépendants parmi les personnes  de moins de 30 ans ayant un emploi	-5.8%	0.0581
Slovénie	2010	Part des travailleurs indépendants parmi les personnes  de moins de 30 ans ayant un emploi	-3.5%	0.0348
Afrique du Sud	2015	Part des travailleurs indépendants parmi les personnes  de moins de 30 ans ayant un emploi	-3.3%	0.03317
Slovénie	2002	Part des travailleurs indépendants parmi les personnes  de moins de 30 ans ayant un emploi	-3.6%	0.03596
République tchèque	2015	Part des travailleurs indépendants parmi les personnes  de moins de 30 ans ayant un emploi	-3.9%	0.03877
Finlande	2007	Part des travailleurs indépendants parmi les personnes  de moins de 30 ans ayant un emploi	-2.2%	0.02179
Irlande	2010	Part des travailleurs indépendants parmi les personnes  de moins de 30 ans ayant un emploi	-3.9%	0.03851
Irlande	2008	Part des travailleurs indépendants parmi les personnes  de moins de 30 ans ayant un emploi	-5.1%	0.05077
Portugal	2014	Part des travailleurs indépendants parmi les personnes  de moins de 30 ans ayant un emploi	-1.1%	0.0109
Espagne	2003	Part des travailleurs indépendants parmi les personnes  de moins de 30 ans ayant un emploi	-3.5%	0.0349
Israël	2006	Part des travailleurs indépendants parmi les personnes  de moins de 30 ans ayant un emploi	-3.0%	0.02989
Irlande	2002	Part des travailleurs indépendants parmi les personnes  de moins de 30 ans ayant un emploi	-5.2%	0.05196
Nouvelle-Zélande	2015	Part des travailleurs indépendants parmi les personnes  de moins de 30 ans ayant un emploi	-1.3%	0.0135
Belgique	2005	Part des travailleurs indépendants parmi les personnes  de moins de 30 ans ayant un emploi	-2.3%	0.02267
France	2006	Part des travailleurs indépendants parmi les personnes  de moins de 30 ans ayant un emploi	-1.5%	0.01493
Espagne	2004	Part des travailleurs indépendants parmi les personnes  de moins de 30 ans ayant un emploi	-3.7%	0.03665
États-Unis	2011	Part des travailleurs indépendants parmi les personnes  de moins de 30 ans ayant un emploi	-1.7%	0.01737
Suède	2009	Part des travailleurs indépendants parmi les personnes  de moins de 30 ans ayant un emploi	-2.8%	0.02781
Hongrie	2009	Part des travailleurs indépendants parmi les personnes  de moins de 30 ans ayant un emploi	-1.0%	0.0103
Norvège	2014	Part des travailleurs indépendants parmi les personnes  de moins de 30 ans ayant un emploi	-1.4%	0.01415
Irlande	2007	Part des travailleurs indépendants parmi les personnes  de moins de 30 ans ayant un emploi	-4.8%	0.04825
Suisse	2009	Part des travailleurs indépendants parmi les personnes  de moins de 30 ans ayant un emploi	-2.2%	0.02165
Pologne	2013	Part des travailleurs indépendants parmi les personnes  de moins de 30 ans ayant un emploi	-4.2%	0.04195
Finlande	2012	Part des travailleurs indépendants parmi les personnes  de moins de 30 ans ayant un emploi	-2.9%	0.02857
Italie	2015	Part des travailleurs indépendants parmi les personnes  de moins de 30 ans ayant un emploi	-2.1%	0.02062
Pays-Bas	2000	Part des travailleurs indépendants parmi les personnes  de moins de 30 ans ayant un emploi	-1.7%	0.0166
Belgique	2006	Part des travailleurs indépendants parmi les personnes  de moins de 30 ans ayant un emploi	-2.5%	0.02473
États-Unis	2005	Part des travailleurs indépendants parmi les personnes  de moins de 30 ans ayant un emploi	-1.9%	0.01893
Espagne	2008	Part des travailleurs indépendants parmi les personnes  de moins de 30 ans ayant un emploi	-3.6%	0.0363
Belgique	2009	Part des travailleurs indépendants parmi les personnes  de moins de 30 ans ayant un emploi	-2.4%	0.02427
Norvège	2010	Part des travailleurs indépendants parmi les personnes  de moins de 30 ans ayant un emploi	-2.0%	0.01964
Grèce	2010	Part des travailleurs indépendants parmi les personnes  de moins de 30 ans ayant un emploi	-5.0%	0.04978
Luxembourg	2011	Part des travailleurs indépendants parmi les personnes  de moins de 30 ans ayant un emploi	+2.0%	0.01962
Italie	2008	Part des travailleurs indépendants parmi les personnes  de moins de 30 ans ayant un emploi	-2.7%	0.02731
Suède	2015	Part des travailleurs indépendants parmi les personnes  de moins de 30 ans ayant un emploi	-1.9%	0.01853
Autriche	2008	Part des travailleurs indépendants parmi les personnes  de moins de 30 ans ayant un emploi	-2.4%	0.02447
France	2007	Part des travailleurs indépendants parmi les personnes  de moins de 30 ans ayant un emploi	-1.6%	0.01576
Danemark	2007	Part des travailleurs indépendants parmi les personnes  de moins de 30 ans ayant un emploi	-2.7%	0.02704
Allemagne	2007	Part des travailleurs indépendants parmi les personnes  de moins de 30 ans ayant un emploi	-1.6%	0.01569
Belgique	2003	Part des travailleurs indépendants parmi les personnes  de moins de 30 ans ayant un emploi	-1.4%	0.01442
Italie	2006	Part des travailleurs indépendants parmi les personnes  de moins de 30 ans ayant un emploi	-2.5%	0.02504
Portugal	2006	Part des travailleurs indépendants parmi les personnes  de moins de 30 ans ayant un emploi	-1.6%	0.01632
Estonie	2008	Part des travailleurs indépendants parmi les personnes  de moins de 30 ans ayant un emploi	-0.7%	0.00746
Finlande	2014	Part des travailleurs indépendants parmi les personnes  de moins de 30 ans ayant un emploi	-2.8%	0.028
Belgique	2002	Part des travailleurs indépendants parmi les personnes  de moins de 30 ans ayant un emploi	-1.9%	0.01915
Autriche	2005	Part des travailleurs indépendants parmi les personnes  de moins de 30 ans ayant un emploi	-2.6%	0.02644
Canada	2013	Part des travailleurs indépendants parmi les personnes  de moins de 30 ans ayant un emploi	-2.2%	0.02157
Luxembourg	2013	Part des travailleurs indépendants parmi les personnes  de moins de 30 ans ayant un emploi	+2.5%	0.02482
Portugal	2012	Part des travailleurs indépendants parmi les personnes  de moins de 30 ans ayant un emploi	-0.8%	0.0081
Hongrie	2002	Part des travailleurs indépendants parmi les personnes  de moins de 30 ans ayant un emploi	-3.0%	0.03025
Afrique du Sud	2010	Part des travailleurs indépendants parmi les personnes  de moins de 30 ans ayant un emploi	-2.0%	0.01993
Allemagne	2013	Part des travailleurs indépendants parmi les personnes  de moins de 30 ans ayant un emploi	-1.3%	0.01257
Israël	2000	Part des travailleurs indépendants parmi les personnes  de moins de 30 ans ayant un emploi	-3.8%	0.03803
Grèce	2013	Part des travailleurs indépendants parmi les personnes  de moins de 30 ans ayant un emploi	-7.9%	0.07929
Turquie	2009	Part des travailleurs indépendants parmi les personnes  de moins de 30 ans ayant un emploi	-6.6%	0.06643
Suisse	2014	Part des travailleurs indépendants parmi les personnes  de moins de 30 ans ayant un emploi	-1.6%	0.01571
Canada	2014	Part des travailleurs indépendants parmi les personnes  de moins de 30 ans ayant un emploi	-1.9%	0.01915
Slovénie	2006	Part des travailleurs indépendants parmi les personnes  de moins de 30 ans ayant un emploi	-2.6%	0.02633
Norvège	2004	Part des travailleurs indépendants parmi les personnes  de moins de 30 ans ayant un emploi	-2.1%	0.02137
Pays-Bas	2003	Part des travailleurs indépendants parmi les personnes  de moins de 30 ans ayant un emploi	-2.8%	0.02814
Italie	2001	Part des travailleurs indépendants parmi les personnes  de moins de 30 ans ayant un emploi	-5.7%	0.05722
Italie	2007	Part des travailleurs indépendants parmi les personnes  de moins de 30 ans ayant un emploi	-2.6%	0.02637
Portugal	2001	Part des travailleurs indépendants parmi les personnes  de moins de 30 ans ayant un emploi	-3.0%	0.03031
Afrique du Sud	2013	Part des travailleurs indépendants parmi les personnes  de moins de 30 ans ayant un emploi	-3.8%	0.03807
Pays-Bas	2011	Part des travailleurs indépendants parmi les personnes  de moins de 30 ans ayant un emploi	-3.0%	0.03006
Finlande	2009	Part des travailleurs indépendants parmi les personnes  de moins de 30 ans ayant un emploi	-2.8%	0.02801
États-Unis	2014	Part des travailleurs indépendants parmi les personnes  de moins de 30 ans ayant un emploi	-1.4%	0.01396
France	2002	Part des travailleurs indépendants parmi les personnes  de moins de 30 ans ayant un emploi	-2.4%	0.02431
Norvège	2007	Part des travailleurs indépendants parmi les personnes  de moins de 30 ans ayant un emploi	-2.5%	0.02508
États-Unis	2004	Part des travailleurs indépendants parmi les personnes  de moins de 30 ans ayant un emploi	-1.8%	0.01761
République tchèque	2010	Part des travailleurs indépendants parmi les personnes  de moins de 30 ans ayant un emploi	-5.5%	0.05538
Suède	2010	Part des travailleurs indépendants parmi les personnes  de moins de 30 ans ayant un emploi	-2.7%	0.02672
Suisse	2010	Part des travailleurs indépendants parmi les personnes  de moins de 30 ans ayant un emploi	-1.9%	0.01871
Norvège	2012	Part des travailleurs indépendants parmi les personnes  de moins de 30 ans ayant un emploi	-1.3%	0.01289
République slovaque	2011	Part des travailleurs indépendants parmi les personnes  de moins de 30 ans ayant un emploi	-8.1%	0.08106
Royaume-Uni	2007	Part des travailleurs indépendants parmi les personnes  de moins de 30 ans ayant un emploi	-5.1%	0.05075
Allemagne	2010	Part des travailleurs indépendants parmi les personnes  de moins de 30 ans ayant un emploi	-1.4%	0.01404
Hongrie	2004	Part des travailleurs indépendants parmi les personnes  de moins de 30 ans ayant un emploi	-2.6%	0.02623
Brésil	2013	Part des travailleurs indépendants parmi les personnes  de moins de 30 ans ayant un emploi	-4.0%	0.0401
Allemagne	2008	Part des travailleurs indépendants parmi les personnes  de moins de 30 ans ayant un emploi	-1.5%	0.01468
États-Unis	2000	Part des travailleurs indépendants parmi les personnes  de moins de 30 ans ayant un emploi	-1.1%	0.01078
Allemagne	2009	Part des travailleurs indépendants parmi les personnes  de moins de 30 ans ayant un emploi	-1.5%	0.01487
République tchèque	2005	Part des travailleurs indépendants parmi les personnes  de moins de 30 ans ayant un emploi	-5.7%	0.0573
Pologne	2015	Part des travailleurs indépendants parmi les personnes  de moins de 30 ans ayant un emploi	-4.5%	0.04544
Finlande	2002	Part des travailleurs indépendants parmi les personnes  de moins de 30 ans ayant un emploi	-2.4%	0.02393
Luxembourg	2012	Part des travailleurs indépendants parmi les personnes  de moins de 30 ans ayant un emploi	+1.6%	0.01612
Irlande	2009	Part des travailleurs indépendants parmi les personnes  de moins de 30 ans ayant un emploi	-4.8%	0.04751
République tchèque	2003	Part des travailleurs indépendants parmi les personnes  de moins de 30 ans ayant un emploi	-7.7%	0.07656
Slovénie	2015	Part des travailleurs indépendants parmi les personnes  de moins de 30 ans ayant un emploi	-4.3%	0.04305
Suède	2005	Part des travailleurs indépendants parmi les personnes  de moins de 30 ans ayant un emploi	-3.3%	0.03283
Royaume-Uni	2010	Part des travailleurs indépendants parmi les personnes  de moins de 30 ans ayant un emploi	-5.0%	0.04959
Pologne	2000	Part des travailleurs indépendants parmi les personnes  de moins de 30 ans ayant un emploi	-4.2%	0.04236
Pays-Bas	2014	Part des travailleurs indépendants parmi les personnes  de moins de 30 ans ayant un emploi	-2.9%	0.02916
Slovénie	2001	Part des travailleurs indépendants parmi les personnes  de moins de 30 ans ayant un emploi	-4.5%	0.04462
Suède	2001	Part des travailleurs indépendants parmi les personnes  de moins de 30 ans ayant un emploi	-2.5%	0.02472
République tchèque	2011	Part des travailleurs indépendants parmi les personnes  de moins de 30 ans ayant un emploi	-5.4%	0.05412
Danemark	2014	Part des travailleurs indépendants parmi les personnes  de moins de 30 ans ayant un emploi	-2.4%	0.0238
Hongrie	2003	Part des travailleurs indépendants parmi les personnes  de moins de 30 ans ayant un emploi	-2.5%	0.02458
Suède	2007	Part des travailleurs indépendants parmi les personnes  de moins de 30 ans ayant un emploi	-2.7%	0.02726
Pologne	2001	Part des travailleurs indépendants parmi les personnes  de moins de 30 ans ayant un emploi	-3.7%	0.03725
Pologne	2008	Part des travailleurs indépendants parmi les personnes  de moins de 30 ans ayant un emploi	-3.4%	0.03441
Allemagne	2015	Part des travailleurs indépendants parmi les personnes  de moins de 30 ans ayant un emploi	-1.2%	0.01204
Espagne	2012	Part des travailleurs indépendants parmi les personnes  de moins de 30 ans ayant un emploi	-4.0%	0.0398
Finlande	2015	Part des travailleurs indépendants parmi les personnes  de moins de 30 ans ayant un emploi	-2.7%	0.02733
Grèce	2005	Part des travailleurs indépendants parmi les personnes  de moins de 30 ans ayant un emploi	-7.1%	0.07122
Canada	2006	Part des travailleurs indépendants parmi les personnes  de moins de 30 ans ayant un emploi	-2.1%	0.0208
Suisse	2013	Part des travailleurs indépendants parmi les personnes  de moins de 30 ans ayant un emploi	-1.6%	0.01566
Canada	2012	Part des travailleurs indépendants parmi les personnes  de moins de 30 ans ayant un emploi	-2.2%	0.02162
Espagne	2006	Part des travailleurs indépendants parmi les personnes  de moins de 30 ans ayant un emploi	-3.9%	0.03931
Finlande	2004	Part des travailleurs indépendants parmi les personnes  de moins de 30 ans ayant un emploi	-2.2%	0.02157
République tchèque	2006	Part des travailleurs indépendants parmi les personnes  de moins de 30 ans ayant un emploi	-4.7%	0.04731
Portugal	2002	Part des travailleurs indépendants parmi les personnes  de moins de 30 ans ayant un emploi	-2.9%	0.02907
République tchèque	2013	Part des travailleurs indépendants parmi les personnes  de moins de 30 ans ayant un emploi	-4.4%	0.04352
Danemark	2012	Part des travailleurs indépendants parmi les personnes  de moins de 30 ans ayant un emploi	-2.3%	0.02299
Italie	2000	Part des travailleurs indépendants parmi les personnes  de moins de 30 ans ayant un emploi	-6.0%	0.06023
États-Unis	2001	Part des travailleurs indépendants parmi les personnes  de moins de 30 ans ayant un emploi	-1.1%	0.01117
Royaume-Uni	2009	Part des travailleurs indépendants parmi les personnes  de moins de 30 ans ayant un emploi	-5.0%	0.05015
Italie	2011	Part des travailleurs indépendants parmi les personnes  de moins de 30 ans ayant un emploi	-2.8%	0.02792
Royaume-Uni	2001	Part des travailleurs indépendants parmi les personnes  de moins de 30 ans ayant un emploi	-3.5%	0.03522
Portugal	2000	Part des travailleurs indépendants parmi les personnes  de moins de 30 ans ayant un emploi	-3.4%	0.03406
Canada	2001	Part des travailleurs indépendants parmi les personnes  de moins de 30 ans ayant un emploi	-1.1%	0.01148
Estonie	2015	Part des travailleurs indépendants parmi les personnes  de moins de 30 ans ayant un emploi	-1.7%	0.01733
Slovénie	2008	Part des travailleurs indépendants parmi les personnes  de moins de 30 ans ayant un emploi	-3.2%	0.03241
République slovaque	2015	Part des travailleurs indépendants parmi les personnes  de moins de 30 ans ayant un emploi	-7.1%	0.07117
Royaume-Uni	2011	Part des travailleurs indépendants parmi les personnes  de moins de 30 ans ayant un emploi	-5.1%	0.05146
Portugal	2008	Part des travailleurs indépendants parmi les personnes  de moins de 30 ans ayant un emploi	-2.7%	0.02719
Suède	2006	Part des travailleurs indépendants parmi les personnes  de moins de 30 ans ayant un emploi	-2.7%	0.02737
Suisse	2003	Part des travailleurs indépendants parmi les personnes  de moins de 30 ans ayant un emploi	-2.3%	0.02333
Belgique	2000	Part des travailleurs indépendants parmi les personnes  de moins de 30 ans ayant un emploi	-4.0%	0.04042
Suisse	2005	Part des travailleurs indépendants parmi les personnes  de moins de 30 ans ayant un emploi	-2.7%	0.0271
Luxembourg	2015	Part des travailleurs indépendants parmi les personnes  de moins de 30 ans ayant un emploi	+2.3%	0.02288
Allemagne	2001	Part des travailleurs indépendants parmi les personnes  de moins de 30 ans ayant un emploi	-2.0%	0.01995
Turquie	2011	Part des travailleurs indépendants parmi les personnes  de moins de 30 ans ayant un emploi	-5.2%	0.05205
République tchèque	2007	Part des travailleurs indépendants parmi les personnes  de moins de 30 ans ayant un emploi	-4.4%	0.04441
Israël	2001	Part des travailleurs indépendants parmi les personnes  de moins de 30 ans ayant un emploi	-3.7%	0.0369
Finlande	2010	Part des travailleurs indépendants parmi les personnes  de moins de 30 ans ayant un emploi	-3.1%	0.03133
Espagne	2007	Part des travailleurs indépendants parmi les personnes  de moins de 30 ans ayant un emploi	-3.9%	0.03918
Suède	2004	Part des travailleurs indépendants parmi les personnes  de moins de 30 ans ayant un emploi	-3.4%	0.03442
Japon	2012	Part des travailleurs indépendants parmi les personnes  de moins de 30 ans ayant un emploi	-0.5%	0.00509
Autriche	2001	Part des travailleurs indépendants parmi les personnes  de moins de 30 ans ayant un emploi	-2.4%	0.02366
Allemagne	2005	Part des travailleurs indépendants parmi les personnes  de moins de 30 ans ayant un emploi	-1.9%	0.019
Slovénie	2011	Part des travailleurs indépendants parmi les personnes  de moins de 30 ans ayant un emploi	-3.4%	0.03442
Hongrie	2012	Part des travailleurs indépendants parmi les personnes  de moins de 30 ans ayant un emploi	-1.1%	0.01063
Hongrie	2006	Part des travailleurs indépendants parmi les personnes  de moins de 30 ans ayant un emploi	-2.1%	0.02071
Suède	2013	Part des travailleurs indépendants parmi les personnes  de moins de 30 ans ayant un emploi	-2.1%	0.02124
Suède	2014	Part des travailleurs indépendants parmi les personnes  de moins de 30 ans ayant un emploi	-2.0%	0.02012
France	2011	Part des travailleurs indépendants parmi les personnes  de moins de 30 ans ayant un emploi	-1.8%	0.0179
Mexique	2012	Part des travailleurs indépendants parmi les personnes  de moins de 30 ans ayant un emploi	+1.4%	0.01449
Israël	2008	Part des travailleurs indépendants parmi les personnes  de moins de 30 ans ayant un emploi	-3.0%	0.02975
Portugal	2003	Part des travailleurs indépendants parmi les personnes  de moins de 30 ans ayant un emploi	-2.2%	0.02167
Espagne	2011	Part des travailleurs indépendants parmi les personnes  de moins de 30 ans ayant un emploi	-3.4%	0.0339
Allemagne	2011	Part des travailleurs indépendants parmi les personnes  de moins de 30 ans ayant un emploi	-1.4%	0.01414
Norvège	2015	Part des travailleurs indépendants parmi les personnes  de moins de 30 ans ayant un emploi	-1.8%	0.0181
Grèce	2011	Part des travailleurs indépendants parmi les personnes  de moins de 30 ans ayant un emploi	-6.3%	0.06257
Slovénie	2014	Part des travailleurs indépendants parmi les personnes  de moins de 30 ans ayant un emploi	-3.9%	0.03898
Irlande	2006	Part des travailleurs indépendants parmi les personnes  de moins de 30 ans ayant un emploi	-4.7%	0.04673
Chili	2011	Part des travailleurs indépendants parmi les personnes  de moins de 30 ans ayant un emploi	-0.6%	0.00649
Finlande	2000	Part des travailleurs indépendants parmi les personnes  de moins de 30 ans ayant un emploi	-2.4%	0.02428
Canada	2002	Part des travailleurs indépendants parmi les personnes  de moins de 30 ans ayant un emploi	-1.3%	0.01328
Espagne	2000	Part des travailleurs indépendants parmi les personnes  de moins de 30 ans ayant un emploi	-3.2%	0.03199
Grèce	2007	Part des travailleurs indépendants parmi les personnes  de moins de 30 ans ayant un emploi	-6.5%	0.06485
République slovaque	2003	Part des travailleurs indépendants parmi les personnes  de moins de 30 ans ayant un emploi	-6.6%	0.06562
Allemagne	2002	Part des travailleurs indépendants parmi les personnes  de moins de 30 ans ayant un emploi	-2.0%	0.01968
Slovénie	2007	Part des travailleurs indépendants parmi les personnes  de moins de 30 ans ayant un emploi	-2.9%	0.02903
Canada	2000	Part des travailleurs indépendants parmi les personnes  de moins de 30 ans ayant un emploi	-1.1%	0.01068
États-Unis	2010	Part des travailleurs indépendants parmi les personnes  de moins de 30 ans ayant un emploi	-1.9%	0.01872
Luxembourg	2001	Part des travailleurs indépendants parmi les personnes  de moins de 30 ans ayant un emploi	-2.0%	0.01977
Norvège	2011	Part des travailleurs indépendants parmi les personnes  de moins de 30 ans ayant un emploi	-1.9%	0.01913
Portugal	2009	Part des travailleurs indépendants parmi les personnes  de moins de 30 ans ayant un emploi	-2.9%	0.02905
Nouvelle-Zélande	2012	Part des travailleurs indépendants parmi les personnes  de moins de 30 ans ayant un emploi	-0.9%	0.00866
Portugal	2007	Part des travailleurs indépendants parmi les personnes  de moins de 30 ans ayant un emploi	-2.3%	0.02319
Suisse	2002	Part des travailleurs indépendants parmi les personnes  de moins de 30 ans ayant un emploi	-2.5%	0.02487
Irlande	2003	Part des travailleurs indépendants parmi les personnes  de moins de 30 ans ayant un emploi	-5.0%	0.05046
Finlande	2003	Part des travailleurs indépendants parmi les personnes  de moins de 30 ans ayant un emploi	-2.2%	0.02201
Canada	2008	Part des travailleurs indépendants parmi les personnes  de moins de 30 ans ayant un emploi	-2.2%	0.02168
Hongrie	2010	Part des travailleurs indépendants parmi les personnes  de moins de 30 ans ayant un emploi	-1.6%	0.01554
Royaume-Uni	2015	Part des travailleurs indépendants parmi les personnes  de moins de 30 ans ayant un emploi	-4.7%	0.04729
Mexique	2011	Part des travailleurs indépendants parmi les personnes  de moins de 30 ans ayant un emploi	+1.0%	0.01027
Suède	2003	Part des travailleurs indépendants parmi les personnes  de moins de 30 ans ayant un emploi	-3.6%	0.03567
Italie	2012	Part des travailleurs indépendants parmi les personnes  de moins de 30 ans ayant un emploi	-2.4%	0.02384
Danemark	2005	Part des travailleurs indépendants parmi les personnes  de moins de 30 ans ayant un emploi	-2.7%	0.02702
Danemark	2015	Part des travailleurs indépendants parmi les personnes  de moins de 30 ans ayant un emploi	-2.3%	0.02341
Turquie	2007	Part des travailleurs indépendants parmi les personnes  de moins de 30 ans ayant un emploi	-8.4%	0.08369
Hongrie	2013	Part des travailleurs indépendants parmi les personnes  de moins de 30 ans ayant un emploi	-0.6%	0.00568
Pologne	2012	Part des travailleurs indépendants parmi les personnes  de moins de 30 ans ayant un emploi	-4.2%	0.04166
Espagne	2014	Part des travailleurs indépendants parmi les personnes  de moins de 30 ans ayant un emploi	-3.9%	0.03851
Nouvelle-Zélande	2013	Part des travailleurs indépendants parmi les personnes  de moins de 30 ans ayant un emploi	-0.5%	0.005
Norvège	2001	Part des travailleurs indépendants parmi les personnes  de moins de 30 ans ayant un emploi	-2.5%	0.0251
Grèce	2009	Part des travailleurs indépendants parmi les personnes  de moins de 30 ans ayant un emploi	-4.6%	0.04554
Suisse	2015	Part des travailleurs indépendants parmi les personnes  de moins de 30 ans ayant un emploi	-1.5%	0.01517
Nouvelle-Zélande	2011	Part des travailleurs indépendants parmi les personnes  de moins de 30 ans ayant un emploi	-1.6%	0.01634
Israël	2003	Part des travailleurs indépendants parmi les personnes  de moins de 30 ans ayant un emploi	-3.4%	0.03439
Royaume-Uni	2006	Part des travailleurs indépendants parmi les personnes  de moins de 30 ans ayant un emploi	-5.1%	0.05126
Pologne	2005	Part des travailleurs indépendants parmi les personnes  de moins de 30 ans ayant un emploi	-3.3%	0.03346
Canada	2003	Part des travailleurs indépendants parmi les personnes  de moins de 30 ans ayant un emploi	-1.5%	0.01544
Turquie	2014	Part des travailleurs indépendants parmi les personnes  de moins de 30 ans ayant un emploi	-4.2%	0.042
République tchèque	2012	Part des travailleurs indépendants parmi les personnes  de moins de 30 ans ayant un emploi	-4.7%	0.0465
République tchèque	2009	Part des travailleurs indépendants parmi les personnes  de moins de 30 ans ayant un emploi	-5.6%	0.05583
Israël	2009	Part des travailleurs indépendants parmi les personnes  de moins de 30 ans ayant un emploi	-3.0%	0.02954
Estonie	2011	Part des travailleurs indépendants parmi les personnes  de moins de 30 ans ayant un emploi	-1.7%	0.01662
Norvège	2008	Part des travailleurs indépendants parmi les personnes  de moins de 30 ans ayant un emploi	-2.2%	0.02178
Slovénie	2009	Part des travailleurs indépendants parmi les personnes  de moins de 30 ans ayant un emploi	-3.1%	0.03144
Mexique	2010	Part des travailleurs indépendants parmi les personnes  de moins de 30 ans ayant un emploi	+1.1%	0.01147
Grèce	2003	Part des travailleurs indépendants parmi les personnes  de moins de 30 ans ayant un emploi	-7.5%	0.07501
Suisse	2008	Part des travailleurs indépendants parmi les personnes  de moins de 30 ans ayant un emploi	-2.1%	0.02062
République slovaque	2005	Part des travailleurs indépendants parmi les personnes  de moins de 30 ans ayant un emploi	-7.0%	0.06989
Grèce	2008	Part des travailleurs indépendants parmi les personnes  de moins de 30 ans ayant un emploi	-5.3%	0.05331
Royaume-Uni	2000	Part des travailleurs indépendants parmi les personnes  de moins de 30 ans ayant un emploi	-3.6%	0.03553
République slovaque	2006	Part des travailleurs indépendants parmi les personnes  de moins de 30 ans ayant un emploi	-7.5%	0.07453
Belgique	2014	Part des travailleurs indépendants parmi les personnes  de moins de 30 ans ayant un emploi	-2.9%	0.02904
Autriche	2000	Part des travailleurs indépendants parmi les personnes  de moins de 30 ans ayant un emploi	-2.2%	0.02171
Allemagne	2004	Part des travailleurs indépendants parmi les personnes  de moins de 30 ans ayant un emploi	-2.0%	0.01997
Royaume-Uni	2013	Part des travailleurs indépendants parmi les personnes  de moins de 30 ans ayant un emploi	-5.3%	0.05308
Suisse	2006	Part des travailleurs indépendants parmi les personnes  de moins de 30 ans ayant un emploi	-2.2%	0.02205
Pays-Bas	2015	Part des travailleurs indépendants parmi les personnes  de moins de 30 ans ayant un emploi	-2.7%	0.02658
Autriche	2014	Part des travailleurs indépendants parmi les personnes  de moins de 30 ans ayant un emploi	-2.3%	0.02281
Autriche	2015	Part des travailleurs indépendants parmi les personnes  de moins de 30 ans ayant un emploi	-2.2%	0.022
Israël	2005	Part des travailleurs indépendants parmi les personnes  de moins de 30 ans ayant un emploi	-3.1%	0.03083
Turquie	2015	Part des travailleurs indépendants parmi les personnes  de moins de 30 ans ayant un emploi	-4.1%	0.04094
Italie	2004	Part des travailleurs indépendants parmi les personnes  de moins de 30 ans ayant un emploi	-4.7%	0.04663
Canada	2009	Part des travailleurs indépendants parmi les personnes  de moins de 30 ans ayant un emploi	-2.1%	0.02102
Canada	2007	Part des travailleurs indépendants parmi les personnes  de moins de 30 ans ayant un emploi	-2.2%	0.02162
France	2000	Part des travailleurs indépendants parmi les personnes  de moins de 30 ans ayant un emploi	-2.6%	0.02641
Belgique	2010	Part des travailleurs indépendants parmi les personnes  de moins de 30 ans ayant un emploi	-2.1%	0.02092
Chili	2013	Part des travailleurs indépendants parmi les personnes  de moins de 30 ans ayant un emploi	+0.4%	0.00359
Royaume-Uni	2003	Part des travailleurs indépendants parmi les personnes  de moins de 30 ans ayant un emploi	-4.3%	0.04348
Grèce	2015	Part des travailleurs indépendants parmi les personnes  de moins de 30 ans ayant un emploi	-8.4%	0.08375
Turquie	2012	Part des travailleurs indépendants parmi les personnes  de moins de 30 ans ayant un emploi	-5.0%	0.0497
Norvège	2013	Part des travailleurs indépendants parmi les personnes  de moins de 30 ans ayant un emploi	-1.3%	0.0129
Espagne	2009	Part des travailleurs indépendants parmi les personnes  de moins de 30 ans ayant un emploi	-3.4%	0.03356
République tchèque	2008	Part des travailleurs indépendants parmi les personnes  de moins de 30 ans ayant un emploi	-5.0%	0.05028
Suisse	2001	Part des travailleurs indépendants parmi les personnes  de moins de 30 ans ayant un emploi	-2.7%	0.02661
Suisse	2007	Part des travailleurs indépendants parmi les personnes  de moins de 30 ans ayant un emploi	-2.3%	0.02323
Pays-Bas	2006	Part des travailleurs indépendants parmi les personnes  de moins de 30 ans ayant un emploi	-2.3%	0.02343
Afrique du Sud	2014	Part des travailleurs indépendants parmi les personnes  de moins de 30 ans ayant un emploi	-3.3%	0.03295
Turquie	2006	Part des travailleurs indépendants parmi les personnes  de moins de 30 ans ayant un emploi	-8.5%	0.08451
Royaume-Uni	2012	Part des travailleurs indépendants parmi les personnes  de moins de 30 ans ayant un emploi	-5.3%	0.05289
Finlande	2005	Part des travailleurs indépendants parmi les personnes  de moins de 30 ans ayant un emploi	-2.5%	0.02505
Finlande	2006	Part des travailleurs indépendants parmi les personnes  de moins de 30 ans ayant un emploi	-2.2%	0.02203
France	2015	Part des travailleurs indépendants parmi les personnes  de moins de 30 ans ayant un emploi	-1.8%	0.01807
République tchèque	2001	Part des travailleurs indépendants parmi les personnes  de moins de 30 ans ayant un emploi	-7.4%	0.07379
France	2001	Part des travailleurs indépendants parmi les personnes  de moins de 30 ans ayant un emploi	-2.2%	0.02187
République slovaque	2007	Part des travailleurs indépendants parmi les personnes  de moins de 30 ans ayant un emploi	-7.7%	0.07675
Israël	2002	Part des travailleurs indépendants parmi les personnes  de moins de 30 ans ayant un emploi	-3.6%	0.03605
Pologne	2011	Part des travailleurs indépendants parmi les personnes  de moins de 30 ans ayant un emploi	-4.3%	0.04281
Norvège	2005	Part des travailleurs indépendants parmi les personnes  de moins de 30 ans ayant un emploi	-2.2%	0.0218
Allemagne	2012	Part des travailleurs indépendants parmi les personnes  de moins de 30 ans ayant un emploi	-1.3%	0.01343
République slovaque	2012	Part des travailleurs indépendants parmi les personnes  de moins de 30 ans ayant un emploi	-8.6%	0.08628
République tchèque	2014	Part des travailleurs indépendants parmi les personnes  de moins de 30 ans ayant un emploi	-3.7%	0.0366
Belgique	2004	Part des travailleurs indépendants parmi les personnes  de moins de 30 ans ayant un emploi	-1.8%	0.01764
Autriche	2012	Part des travailleurs indépendants parmi les personnes  de moins de 30 ans ayant un emploi	-1.6%	0.01631
États-Unis	2002	Part des travailleurs indépendants parmi les personnes  de moins de 30 ans ayant un emploi	-1.3%	0.01282
Autriche	2009	Part des travailleurs indépendants parmi les personnes  de moins de 30 ans ayant un emploi	-2.7%	0.02656
Estonie	2014	Part des travailleurs indépendants parmi les personnes  de moins de 30 ans ayant un emploi	-2.2%	0.02179
États-Unis	2008	Part des travailleurs indépendants parmi les personnes  de moins de 30 ans ayant un emploi	-1.9%	0.01893
Norvège	2006	Part des travailleurs indépendants parmi les personnes  de moins de 30 ans ayant un emploi	-2.4%	0.02381
Hongrie	2001	Part des travailleurs indépendants parmi les personnes  de moins de 30 ans ayant un emploi	-3.8%	0.03764
Belgique	2007	Part des travailleurs indépendants parmi les personnes  de moins de 30 ans ayant un emploi	-2.6%	0.02625
Autriche	2011	Part des travailleurs indépendants parmi les personnes  de moins de 30 ans ayant un emploi	-1.5%	0.01535
Grèce	2012	Part des travailleurs indépendants parmi les personnes  de moins de 30 ans ayant un emploi	-7.2%	0.07175
Grèce	2004	Part des travailleurs indépendants parmi les personnes  de moins de 30 ans ayant un emploi	-7.0%	0.07042
Royaume-Uni	2004	Part des travailleurs indépendants parmi les personnes  de moins de 30 ans ayant un emploi	-4.7%	0.04744
Pays-Bas	2009	Part des travailleurs indépendants parmi les personnes  de moins de 30 ans ayant un emploi	-2.5%	0.02549
Belgique	2012	Part des travailleurs indépendants parmi les personnes  de moins de 30 ans ayant un emploi	-2.7%	0.02689
Norvège	2009	Part des travailleurs indépendants parmi les personnes  de moins de 30 ans ayant un emploi	-2.1%	0.02093
Grèce	2002	Part des travailleurs indépendants parmi les personnes  de moins de 30 ans ayant un emploi	-7.2%	0.07215
Mexique	2013	Part des travailleurs indépendants parmi les personnes  de moins de 30 ans ayant un emploi	+1.3%	0.01349
Irlande	2015	Part des travailleurs indépendants parmi les personnes  de moins de 30 ans ayant un emploi	-2.7%	0.02714
Israël	2011	Part des travailleurs indépendants parmi les personnes  de moins de 30 ans ayant un emploi	-2.8%	0.02818
Royaume-Uni	2002	Part des travailleurs indépendants parmi les personnes  de moins de 30 ans ayant un emploi	-3.8%	0.03755
Autriche	2013	Part des travailleurs indépendants parmi les personnes  de moins de 30 ans ayant un emploi	-1.9%	0.01919
Pays-Bas	2001	Part des travailleurs indépendants parmi les personnes  de moins de 30 ans ayant un emploi	-2.3%	0.02254
Slovénie	2003	Part des travailleurs indépendants parmi les personnes  de moins de 30 ans ayant un emploi	-3.1%	0.03092
Autriche	2004	Part des travailleurs indépendants parmi les personnes  de moins de 30 ans ayant un emploi	-2.8%	0.02789
Allemagne	2003	Part des travailleurs indépendants parmi les personnes  de moins de 30 ans ayant un emploi	-2.0%	0.02007
Finlande	2013	Part des travailleurs indépendants parmi les personnes  de moins de 30 ans ayant un emploi	-2.8%	0.02814
Suède	2008	Part des travailleurs indépendants parmi les personnes  de moins de 30 ans ayant un emploi	-2.6%	0.02575
Japon	2015	Part des travailleurs indépendants parmi les personnes  de moins de 30 ans ayant un emploi	-0.6%	0.00615
France	2004	Part des travailleurs indépendants parmi les personnes  de moins de 30 ans ayant un emploi	-2.3%	0.02328
Estonie	2013	Part des travailleurs indépendants parmi les personnes  de moins de 30 ans ayant un emploi	-2.7%	0.02711
Estonie	2009	Part des travailleurs indépendants parmi les personnes  de moins de 30 ans ayant un emploi	-0.5%	0.00531
France	2005	Part des travailleurs indépendants parmi les personnes  de moins de 30 ans ayant un emploi	-1.8%	0.0183
Royaume-Uni	2014	Part des travailleurs indépendants parmi les personnes  de moins de 30 ans ayant un emploi	-4.9%	0.04868
Espagne	2015	Part des travailleurs indépendants parmi les personnes  de moins de 30 ans ayant un emploi	-3.4%	0.03385
Autriche	2010	Part des travailleurs indépendants parmi les personnes  de moins de 30 ans ayant un emploi	-2.1%	0.02075
France	2012	Part des travailleurs indépendants parmi les personnes  de moins de 30 ans ayant un emploi	-1.7%	0.01743
Norvège	2003	Part des travailleurs indépendants parmi les personnes  de moins de 30 ans ayant un emploi	-2.4%	0.02353
Italie	2009	Part des travailleurs indépendants parmi les personnes  de moins de 30 ans ayant un emploi	-3.1%	0.03057
Japon	2014	Part des travailleurs indépendants parmi les personnes  de moins de 30 ans ayant un emploi	-0.6%	0.00578
Norvège	2002	Part des travailleurs indépendants parmi les personnes  de moins de 30 ans ayant un emploi	-2.4%	0.02414
Slovénie	2012	Part des travailleurs indépendants parmi les personnes  de moins de 30 ans ayant un emploi	-3.5%	0.03484
France	2008	Part des travailleurs indépendants parmi les personnes  de moins de 30 ans ayant un emploi	-1.7%	0.017
États-Unis	2003	Part des travailleurs indépendants parmi les personnes  de moins de 30 ans ayant un emploi	-1.5%	0.01534
Espagne	2013	Part des travailleurs indépendants parmi les personnes  de moins de 30 ans ayant un emploi	-4.3%	0.04287
Suisse	2000	Part des travailleurs indépendants parmi les personnes  de moins de 30 ans ayant un emploi	-3.1%	0.03075
Allemagne	2006	Part des travailleurs indépendants parmi les personnes  de moins de 30 ans ayant un emploi	-1.6%	0.01633
Portugal	2011	Part des travailleurs indépendants parmi les personnes  de moins de 30 ans ayant un emploi	-1.8%	0.01809
France	2003	Part des travailleurs indépendants parmi les personnes  de moins de 30 ans ayant un emploi	-2.6%	0.0255
Suisse	2011	Part des travailleurs indépendants parmi les personnes  de moins de 30 ans ayant un emploi	-1.7%	0.01723
Irlande	2004	Part des travailleurs indépendants parmi les personnes  de moins de 30 ans ayant un emploi	-4.9%	0.0495
Irlande	2001	Part des travailleurs indépendants parmi les personnes  de moins de 30 ans ayant un emploi	-5.6%	0.0561
États-Unis	2007	Part des travailleurs indépendants parmi les personnes  de moins de 30 ans ayant un emploi	-1.9%	0.01916
Luxembourg	2000	Part des travailleurs indépendants parmi les personnes  de moins de 30 ans ayant un emploi	-1.5%	0.01526
Portugal	2015	Part des travailleurs indépendants parmi les personnes  de moins de 30 ans ayant un emploi	-1.9%	0.01908
Pologne	2010	Part des travailleurs indépendants parmi les personnes  de moins de 30 ans ayant un emploi	-4.0%	0.03977
Nouvelle-Zélande	2010	Part des travailleurs indépendants parmi les personnes  de moins de 30 ans ayant un emploi	-2.1%	0.021
Pays-Bas	2010	Part des travailleurs indépendants parmi les personnes  de moins de 30 ans ayant un emploi	-2.7%	0.02736
Luxembourg	2014	Part des travailleurs indépendants parmi les personnes  de moins de 30 ans ayant un emploi	+1.8%	0.01829
Danemark	2006	Part des travailleurs indépendants parmi les personnes  de moins de 30 ans ayant un emploi	-2.5%	0.02536
Nouvelle-Zélande	2014	Part des travailleurs indépendants parmi les personnes  de moins de 30 ans ayant un emploi	-1.0%	0.01
République slovaque	2004	Part des travailleurs indépendants parmi les personnes  de moins de 30 ans ayant un emploi	-6.5%	0.06472
Hongrie	2005	Part des travailleurs indépendants parmi les personnes  de moins de 30 ans ayant un emploi	-2.3%	0.02329
Hongrie	2007	Part des travailleurs indépendants parmi les personnes  de moins de 30 ans ayant un emploi	-1.4%	0.014
République slovaque	2014	Part des travailleurs indépendants parmi les personnes  de moins de 30 ans ayant un emploi	-7.5%	0.07547
France	2013	Part des travailleurs indépendants parmi les personnes  de moins de 30 ans ayant un emploi	-1.8%	0.01753
Danemark	2008	Part des travailleurs indépendants parmi les personnes  de moins de 30 ans ayant un emploi	-2.7%	0.02696
Irlande	2005	Part des travailleurs indépendants parmi les personnes  de moins de 30 ans ayant un emploi	-4.8%	0.04788
Irlande	2014	Part des travailleurs indépendants parmi les personnes  de moins de 30 ans ayant un emploi	-2.6%	0.0263
Espagne	2002	Part des travailleurs indépendants parmi les personnes  de moins de 30 ans ayant un emploi	-3.3%	0.03333
Italie	2014	Part des travailleurs indépendants parmi les personnes  de moins de 30 ans ayant un emploi	-2.0%	0.02047
Danemark	2013	Part des travailleurs indépendants parmi les personnes  de moins de 30 ans ayant un emploi	-2.3%	0.02256
États-Unis	2006	Part des travailleurs indépendants parmi les personnes  de moins de 30 ans ayant un emploi	-1.9%	0.01927
République slovaque	2008	Part des travailleurs indépendants parmi les personnes  de moins de 30 ans ayant un emploi	-7.1%	0.07107
Royaume-Uni	2008	Part des travailleurs indépendants parmi les personnes  de moins de 30 ans ayant un emploi	-5.1%	0.05106
France	2014	Part des travailleurs indépendants parmi les personnes  de moins de 30 ans ayant un emploi	-1.7%	0.01674
États-Unis	2013	Part des travailleurs indépendants parmi les personnes  de moins de 30 ans ayant un emploi	-1.3%	0.01282
Pays-Bas	2013	Part des travailleurs indépendants parmi les personnes  de moins de 30 ans ayant un emploi	-3.2%	0.03153
Grèce	2014	Part des travailleurs indépendants parmi les personnes  de moins de 30 ans ayant un emploi	-8.1%	0.08113
Grèce	2006	Part des travailleurs indépendants parmi les personnes  de moins de 30 ans ayant un emploi	-6.8%	0.06824
Italie	2010	Part des travailleurs indépendants parmi les personnes  de moins de 30 ans ayant un emploi	-3.0%	0.02982
Hongrie	2015	Part des travailleurs indépendants parmi les personnes  de moins de 30 ans ayant un emploi	-0.6%	0.00638
Finlande	2001	Part des travailleurs indépendants parmi les personnes  de moins de 30 ans ayant un emploi	-2.7%	0.02702
Mexique	2014	Part des travailleurs indépendants parmi les personnes  de moins de 30 ans ayant un emploi	+1.5%	0.01472
Afrique du Sud	2011	Part des travailleurs indépendants parmi les personnes  de moins de 30 ans ayant un emploi	-2.8%	0.02793
Slovénie	2005	Part des travailleurs indépendants parmi les personnes  de moins de 30 ans ayant un emploi	-2.3%	0.02319
Canada	2011	Part des travailleurs indépendants parmi les personnes  de moins de 30 ans ayant un emploi	-2.1%	0.02091
Suède	2012	Part des travailleurs indépendants parmi les personnes  de moins de 30 ans ayant un emploi	-2.3%	0.0229
Hongrie	2008	Part des travailleurs indépendants parmi les personnes  de moins de 30 ans ayant un emploi	-0.9%	0.00909
États-Unis	2015	Part des travailleurs indépendants parmi les personnes  de moins de 30 ans ayant un emploi	-1.6%	0.01587
République slovaque	2009	Part des travailleurs indépendants parmi les personnes  de moins de 30 ans ayant un emploi	-6.5%	0.06536
Danemark	2010	Part des travailleurs indépendants parmi les personnes  de moins de 30 ans ayant un emploi	-2.6%	0.02601
Pays-Bas	2007	Part des travailleurs indépendants parmi les personnes  de moins de 30 ans ayant un emploi	-2.2%	0.02214
Autriche	2007	Part des travailleurs indépendants parmi les personnes  de moins de 30 ans ayant un emploi	-2.3%	0.02337
Belgique	2015	Part des travailleurs indépendants parmi les personnes  de moins de 30 ans ayant un emploi	-2.6%	0.0256
Canada	2015	Part des travailleurs indépendants parmi les personnes  de moins de 30 ans ayant un emploi	-1.8%	0.01763
Turquie	2013	Part des travailleurs indépendants parmi les personnes  de moins de 30 ans ayant un emploi	-4.4%	0.04435
Pologne	2007	Part des travailleurs indépendants parmi les personnes  de moins de 30 ans ayant un emploi	-3.6%	0.03624
Hongrie	2014	Part des travailleurs indépendants parmi les personnes  de moins de 30 ans ayant un emploi	-0.5%	0.0049
Espagne	2001	Part des travailleurs indépendants parmi les personnes  de moins de 30 ans ayant un emploi	-3.1%	0.03057
Japon	2011	Part des travailleurs indépendants parmi les personnes  de moins de 30 ans ayant un emploi	-0.5%	0.00513
Italie	2013	Part des travailleurs indépendants parmi les personnes  de moins de 30 ans ayant un emploi	-2.3%	0.02341
Portugal	2005	Part des travailleurs indépendants parmi les personnes  de moins de 30 ans ayant un emploi	-1.8%	0.01824
Suisse	2012	Part des travailleurs indépendants parmi les personnes  de moins de 30 ans ayant un emploi	-1.6%	0.01603
Portugal	2010	Part des travailleurs indépendants parmi les personnes  de moins de 30 ans ayant un emploi	-2.4%	0.02415
République tchèque	2002	Part des travailleurs indépendants parmi les personnes  de moins de 30 ans ayant un emploi	-7.8%	0.078
Portugal	2004	Part des travailleurs indépendants parmi les personnes  de moins de 30 ans ayant un emploi	-2.0%	0.01952
République slovaque	2002	Part des travailleurs indépendants parmi les personnes  de moins de 30 ans ayant un emploi	-6.3%	0.06261
Belgique	2011	Part des travailleurs indépendants parmi les personnes  de moins de 30 ans ayant un emploi	-2.1%	0.02071
Pologne	2002	Part des travailleurs indépendants parmi les personnes  de moins de 30 ans ayant un emploi	-3.9%	0.03932
Pologne	2006	Part des travailleurs indépendants parmi les personnes  de moins de 30 ans ayant un emploi	-3.8%	0.03787
Finlande	2011	Part des travailleurs indépendants parmi les personnes  de moins de 30 ans ayant un emploi	-2.9%	0.0289
Norvège	2000	Part des travailleurs indépendants parmi les personnes  de moins de 30 ans ayant un emploi	-2.4%	0.02422
République tchèque	2004	Part des travailleurs indépendants parmi les personnes  de moins de 30 ans ayant un emploi	-6.7%	0.06683
République slovaque	2010	Part des travailleurs indépendants parmi les personnes  de moins de 30 ans ayant un emploi	-7.1%	0.07074
Hongrie	2011	Part des travailleurs indépendants parmi les personnes  de moins de 30 ans ayant un emploi	-1.7%	0.01662
Slovénie	2004	Part des travailleurs indépendants parmi les personnes  de moins de 30 ans ayant un emploi	-2.4%	0.02404
Hongrie	2000	Part des travailleurs indépendants parmi les personnes  de moins de 30 ans ayant un emploi	-4.3%	0.04296
Japon	2013	Part des travailleurs indépendants parmi les personnes  de moins de 30 ans ayant un emploi	-0.5%	0.00478
Slovénie	2013	Part des travailleurs indépendants parmi les personnes  de moins de 30 ans ayant un emploi	-3.8%	0.03826
États-Unis	2009	Part des travailleurs indépendants parmi les personnes  de moins de 30 ans ayant un emploi	-1.9%	0.01862
République slovaque	2001	Part des travailleurs indépendants parmi les personnes  de moins de 30 ans ayant un emploi	-6.3%	0.06341
Israël	2004	Part des travailleurs indépendants parmi les personnes  de moins de 30 ans ayant un emploi	-3.3%	0.03262
Pays-Bas	2002	Part des travailleurs indépendants parmi les personnes  de moins de 30 ans ayant un emploi	-2.8%	0.02804
Grèce	2001	Part des travailleurs indépendants parmi les personnes  de moins de 30 ans ayant un emploi	-7.2%	0.07218
Estonie	2010	Part des travailleurs indépendants parmi les personnes  de moins de 30 ans ayant un emploi	-1.0%	0.01014
Turquie	2010	Part des travailleurs indépendants parmi les personnes  de moins de 30 ans ayant un emploi	-5.8%	0.05774
Italie	2003	Part des travailleurs indépendants parmi les personnes  de moins de 30 ans ayant un emploi	-5.5%	0.05478
Pays-Bas	2004	Part des travailleurs indépendants parmi les personnes  de moins de 30 ans ayant un emploi	-2.6%	0.0264
Italie	2005	Part des travailleurs indépendants parmi les personnes  de moins de 30 ans ayant un emploi	-3.3%	0.03271
Allemagne	2000	Part des travailleurs indépendants parmi les personnes  de moins de 30 ans ayant un emploi	-2.1%	0.02058
Israël	2007	Part des travailleurs indépendants parmi les personnes  de moins de 30 ans ayant un emploi	-3.0%	0.02965
Finlande	2008	Part des travailleurs indépendants parmi les personnes  de moins de 30 ans ayant un emploi	-2.3%	0.02335
Suède	2011	Part des travailleurs indépendants parmi les personnes  de moins de 30 ans ayant un emploi	-2.5%	0.02516
Belgique	2001	Part des travailleurs indépendants parmi les personnes  de moins de 30 ans ayant un emploi	-2.7%	0.02733
Suisse	2004	Part des travailleurs indépendants parmi les personnes  de moins de 30 ans ayant un emploi	-2.6%	0.02641
Pays-Bas	2012	Part des travailleurs indépendants parmi les personnes  de moins de 30 ans ayant un emploi	-3.1%	0.03073
Estonie	2007	Part des travailleurs indépendants parmi les personnes  de moins de 30 ans ayant un emploi	-1.0%	0.01038
Belgique	2008	Part des travailleurs indépendants parmi les personnes  de moins de 30 ans ayant un emploi	-2.8%	0.02779
Autriche	2003	Part des travailleurs indépendants parmi les personnes  de moins de 30 ans ayant un emploi	-2.6%	0.02598
France	2010	Part des travailleurs indépendants parmi les personnes  de moins de 30 ans ayant un emploi	-1.7%	0.01744
Israël	2010	Part des travailleurs indépendants parmi les personnes  de moins de 30 ans ayant un emploi	-2.9%	0.02871
République slovaque	2013	Part des travailleurs indépendants parmi les personnes  de moins de 30 ans ayant un emploi	-8.0%	0.08005
Afrique du Sud	2012	Part des travailleurs indépendants parmi les personnes  de moins de 30 ans ayant un emploi	-3.5%	0.03476
Mexique	2015	Part des travailleurs indépendants parmi les personnes  de moins de 30 ans ayant un emploi	+1.4%	0.01376
Espagne	2005	Part des travailleurs indépendants parmi les personnes  de moins de 30 ans ayant un emploi	-3.7%	0.03705
Pologne	2003	Part des travailleurs indépendants parmi les personnes  de moins de 30 ans ayant un emploi	-3.2%	0.03249
Canada	2005	Part des travailleurs indépendants parmi les personnes  de moins de 30 ans ayant un emploi	-1.9%	0.01933
Canada	2010	Part des travailleurs indépendants parmi les personnes  de moins de 30 ans ayant un emploi	-2.1%	0.02069
Irlande	2000	Part des travailleurs indépendants parmi les personnes  de moins de 30 ans ayant un emploi	-5.9%	0.05895
Grèce	2000	Part des travailleurs indépendants parmi les personnes  de moins de 30 ans ayant un emploi	-7.3%	0.07288
Irlande	2012	Part des travailleurs indépendants parmi les personnes  de moins de 30 ans ayant un emploi	-2.3%	0.02318
Irlande	2013	Part des travailleurs indépendants parmi les personnes  de moins de 30 ans ayant un emploi	-2.4%	0.02363
France	2009	Part des travailleurs indépendants parmi les personnes  de moins de 30 ans ayant un emploi	-1.7%	0.01673
